2018-04-17 12:09AM,2018-04-17 7:13AM,372,52,20,424,77,222,73
2018-04-16 6:25PM,2018-04-16 7:30PM,64,1,0,65,N/A,N/A,N/A
2018-04-16 12:28AM,2018-04-16 7:10AM,360,42,27,402,28,253,79
2018-04-15 1:14AM,2018-04-15 9:59AM,480,45,25,525,91,287,102
2018-04-14 6:37PM,2018-04-14 8:05PM,83,5,0,88,N/A,N/A,N/A
2018-04-14 1:15AM,2018-04-14 9:38AM,442,61,35,503,91,298,53
2018-04-12 11:12PM,2018-04-13 7:07AM,418,57,26,475,88,284,46
2018-04-11 11:21PM,2018-04-12 6:59AM,412,46,21,458,68,290,54
2018-04-10 10:07PM,2018-04-11 6:58AM,472,59,31,531,51,358,63
2018-04-09 11:38PM,2018-04-10 6:52AM,376,58,23,434,46,239,91
2018-04-08 11:51PM,2018-04-09 6:59AM,367,61,21,428,55,276,36
2018-04-08 4:10PM,2018-04-08 5:57PM,103,4,0,107,N/A,N/A,N/A
2018-04-06 10:14PM,2018-04-07 9:31AM,598,79,36,677,70,431,97
2018-04-05 10:56PM,2018-04-06 7:38AM,456,66,28,522,47,361,48
2018-04-04 11:32PM,2018-04-05 7:12AM,427,32,4,460,N/A,N/A,N/A
2018-04-03 9:53PM,2018-04-04 7:09AM,497,59,30,556,84,300,113
2018-04-03 1:58AM,2018-04-03 7:21AM,291,32,18,323,73,158,60
2018-04-02 11:08PM,2018-04-03 12:50AM,83,19,3,102,N/A,N/A,N/A
2018-04-02 12:44AM,2018-04-02 7:26AM,354,48,18,402,35,238,81
2018-04-01 4:08PM,2018-04-01 5:50PM,92,9,1,101,N/A,N/A,N/A
2018-04-01 2:37AM,2018-04-01 9:17AM,382,18,2,400,N/A,N/A,N/A
2018-03-31 8:32PM,2018-03-31 10:11PM,96,3,0,99,N/A,N/A,N/A
2018-03-31 12:06AM,2018-03-31 9:50AM,518,65,25,583,66,368,84
2018-03-29 10:40PM,2018-03-30 7:08AM,451,56,31,507,40,309,102
2018-03-28 11:52PM,2018-03-29 6:02AM,349,1,2,370,N/A,N/A,N/A
2018-03-27 10:35PM,2018-03-28 7:20AM,469,56,18,525,78,321,70
2018-03-27 6:49PM,2018-03-27 8:16PM,79,8,0,87,N/A,N/A,N/A
2018-03-26 10:33PM,2018-03-27 5:59AM,396,50,11,446,53,305,38
2018-03-25 11:56PM,2018-03-26 7:07AM,383,48,16,431,60,278,45
2018-03-25 12:03AM,2018-03-25 9:42AM,502,77,35,579,67,373,62
2018-03-24 12:19AM,2018-03-24 8:56AM,469,48,38,517,36,327,106
2018-03-22 11:57PM,2018-03-23 7:05AM,384,44,23,428,34,259,91
2018-03-22 1:12AM,2018-03-22 7:02AM,317,33,25,350,53,199,65
2018-03-21 5:31PM,2018-03-21 7:22PM,105,6,1,111,N/A,N/A,N/A
2018-03-20 11:48PM,2018-03-21 11:04AM,616,60,33,676,142,334,140
2018-03-19 11:23PM,2018-03-20 6:05AM,372,30,2,402,N/A,N/A,N/A
2018-03-19 12:19AM,2018-03-19 7:09AM,373,37,27,410,46,239,88
2018-03-17 11:51PM,2018-03-18 9:46AM,516,78,30,594,47,368,101
2018-03-17 1:37AM,2018-03-17 11:21AM,503,81,27,584,79,373,51
2018-03-15 11:00PM,2018-03-16 7:08AM,428,60,21,488,107,293,28
2018-03-14 11:23PM,2018-03-15 7:30AM,442,45,18,487,93,289,60
2018-03-14 3:23PM,2018-03-14 5:30PM,114,13,2,127,N/A,N/A,N/A
2018-03-14 12:23AM,2018-03-14 5:45AM,268,54,17,322,40,210,18
2018-03-12 10:34PM,2018-03-13 7:00AM,444,62,25,506,54,316,74
2018-03-11 11:53PM,2018-03-12 4:44AM,242,49,17,291,13,181,48
2018-03-11 6:22PM,2018-03-11 7:48PM,76,10,1,86,N/A,N/A,N/A
2018-03-10 11:17PM,2018-03-11 10:53AM,559,77,40,636,75,412,72
2018-03-08 10:26PM,2018-03-09 7:03AM,441,76,22,517,107,281,53
2018-03-08 12:10AM,2018-03-08 6:46AM,344,52,23,396,35,276,33
2018-03-07 3:03PM,2018-03-07 4:40PM,87,9,1,97,N/A,N/A,N/A
2018-03-06 11:25PM,2018-03-07 10:16AM,575,75,41,650,56,407,112
2018-03-06 12:12AM,2018-03-06 6:46AM,321,73,21,394,26,250,45
2018-03-05 5:29PM,2018-03-05 7:38PM,121,7,0,129,N/A,N/A,N/A
2018-03-04 10:18PM,2018-03-05 6:45AM,470,37,1,507,N/A,N/A,N/A
2018-03-04 12:23AM,2018-03-04 6:51AM,348,40,21,388,57,219,72
2018-03-02 11:06PM,2018-03-03 11:03AM,638,79,43,717,77,470,91
2018-03-02 12:37AM,2018-03-02 10:59AM,546,76,29,622,102,388,56
2018-03-01 8:53PM,2018-03-01 10:07PM,65,8,1,73,N/A,N/A,N/A
2018-03-01 1:33AM,2018-03-01 6:30AM,257,40,13,297,69,143,45
2018-02-28 7:10PM,2018-02-28 8:23PM,65,7,1,73,N/A,N/A,N/A
2018-02-27 11:40PM,2018-02-28 7:23AM,385,78,25,463,24,311,50
2018-02-27 1:34AM,2018-02-27 10:01AM,419,87,23,506,40,287,92
2018-02-26 7:24PM,2018-02-26 8:57PM,85,3,2,93,N/A,N/A,N/A
2018-02-26 12:41AM,2018-02-26 6:42AM,312,48,16,360,9,264,39
2018-02-25 2:41AM,2018-02-25 10:36AM,415,60,28,475,60,288,67
2018-02-24 6:43PM,2018-02-24 8:05PM,71,10,1,82,N/A,N/A,N/A
2018-02-24 2:26AM,2018-02-24 10:12AM,446,20,2,466,N/A,N/A,N/A
2018-02-23 5:56PM,2018-02-23 7:27PM,85,6,1,91,N/A,N/A,N/A
2018-02-22 9:56PM,2018-02-23 5:28AM,412,39,24,451,38,301,73
2018-02-22 12:40AM,2018-02-22 6:42AM,321,40,16,361,46,218,57
2018-02-21 4:42PM,2018-02-21 6:20PM,93,5,0,98,N/A,N/A,N/A
2018-02-21 12:32AM,2018-02-21 6:47AM,335,40,20,375,37,241,57
2018-02-20 12:34AM,2018-02-20 6:47AM,326,47,17,373,48,242,36
2018-02-19 1:19AM,2018-02-19 10:58AM,490,89,38,579,68,363,59
2018-02-18 5:40PM,2018-02-18 6:56PM,65,10,1,76,N/A,N/A,N/A
2018-02-18 1:27AM,2018-02-18 9:54AM,443,63,29,506,64,303,76
2018-02-16 9:26PM,2018-02-17 8:37AM,553,117,36,670,82,378,93
2018-02-14 10:51PM,2018-02-15 6:39AM,432,35,3,467,N/A,N/A,N/A
2018-02-13 10:40PM,2018-02-14 6:34AM,422,52,21,474,55,281,86
2018-02-12 10:35PM,2018-02-13 6:43AM,421,67,31,488,52,300,69
2018-02-11 11:04PM,2018-02-12 6:38AM,381,72,19,453,45,289,47
2018-02-11 2:35AM,2018-02-11 10:01AM,405,40,23,445,41,286,78
2018-02-10 6:26PM,2018-02-10 7:40PM,68,6,0,74,N/A,N/A,N/A
2018-02-09 10:55PM,2018-02-10 8:27AM,501,70,32,571,102,287,112
2018-02-09 12:30AM,2018-02-09 6:30AM,319,41,20,360,36,211,72
2018-02-08 6:27PM,2018-02-08 7:36PM,68,1,0,69,N/A,N/A,N/A
2018-02-07 9:49PM,2018-02-08 5:54AM,458,27,2,485,N/A,N/A,N/A
2018-02-06 10:43PM,2018-02-07 5:10AM,334,53,20,387,29,255,50
2018-02-06 5:04PM,2018-02-06 6:23PM,70,8,0,78,N/A,N/A,N/A
2018-02-05 9:51PM,2018-02-06 6:15AM,437,67,25,504,69,302,66
2018-02-04 10:51PM,2018-02-05 6:27AM,398,57,20,455,51,280,67
2018-01-27 11:27PM,2018-01-28 2:30AM,163,20,7,183,18,115,30
2018-01-25 11:02PM,2018-01-26 4:59AM,319,38,13,357,68,225,26
2018-01-25 12:12AM,2018-01-25 6:00AM,326,21,16,347,56,255,15
2018-01-24 12:55AM,2018-01-24 8:22AM,377,70,17,447,61,262,54
2018-01-23 4:34PM,2018-01-23 6:09PM,89,6,1,95,N/A,N/A,N/A
2018-01-23 12:26AM,2018-01-23 8:46AM,437,63,25,500,65,286,86
2018-01-21 11:45PM,2018-01-22 6:58AM,394,39,23,433,58,262,74
2018-01-20 11:56PM,2018-01-21 8:30AM,470,44,26,514,57,354,59
2018-01-20 11:09AM,2018-01-20 12:28PM,72,7,0,79,N/A,N/A,N/A
2018-01-20 1:27AM,2018-01-20 9:42AM,425,70,22,495,91,266,68
2018-01-19 12:10AM,2018-01-19 7:32AM,386,56,22,442,52,249,85
2018-01-18 3:44PM,2018-01-18 5:19PM,93,2,0,95,N/A,N/A,N/A
2018-01-17 10:45PM,2018-01-18 8:26AM,504,77,33,581,59,347,98
2018-01-16 11:20PM,2018-01-17 8:00AM,448,72,27,520,66,295,87
2018-01-15 11:12PM,2018-01-16 9:23AM,500,111,40,611,22,428,50
2018-01-15 12:08AM,2018-01-15 10:18AM,514,95,33,609,90,331,93
2018-01-14 3:55PM,2018-01-14 5:36PM,93,8,1,101,N/A,N/A,N/A
2018-01-14 2:57AM,2018-01-14 11:10AM,426,67,25,493,49,319,58
2018-01-13 1:03AM,2018-01-13 11:04AM,518,83,37,601,120,332,66
2018-01-12 4:47PM,2018-01-12 6:08PM,73,4,0,80,N/A,N/A,N/A
2018-01-12 1:10AM,2018-01-12 9:13AM,417,66,36,483,42,282,93
2018-01-10 11:19PM,2018-01-11 7:51AM,455,57,30,512,53,298,104
2018-01-09 11:17PM,2018-01-10 9:08AM,533,58,3,591,N/A,N/A,N/A
2018-01-08 11:04PM,2018-01-09 7:57AM,461,72,30,533,72,302,87
2018-01-08 1:57AM,2018-01-08 10:45AM,467,61,31,528,60,349,58
2018-01-07 5:45PM,2018-01-07 7:02PM,69,7,1,77,N/A,N/A,N/A
2018-01-07 12:10AM,2018-01-07 10:22AM,549,63,43,612,88,341,120
2018-01-06 1:26AM,2018-01-06 10:56AM,486,84,30,570,46,369,71
2018-01-04 11:37PM,2018-01-05 9:16AM,496,82,35,578,64,355,77
2018-01-04 2:46PM,2018-01-04 3:55PM,66,3,1,69,N/A,N/A,N/A
2018-01-03 11:31PM,2018-01-04 9:07AM,486,90,31,576,54,337,95
2018-01-02 10:24PM,2018-01-03 7:47AM,495,67,34,562,42,366,87
2018-01-01 11:12PM,2018-01-02 7:04AM,404,68,25,472,53,293,58
2018-01-01 1:17AM,2018-01-01 10:45AM,517,51,31,568,57,369,91
2017-12-31 3:21PM,2017-12-31 4:27PM,61,4,1,66,N/A,N/A,N/A
2017-12-31 12:29AM,2017-12-31 8:28AM,428,51,25,479,76,291,61
2017-12-30 12:20PM,2017-12-30 2:14PM,105,9,1,114,N/A,N/A,N/A
2017-12-30 12:23AM,2017-12-30 7:42AM,382,57,17,439,92,219,71
2017-12-29 12:19AM,2017-12-29 8:10AM,411,60,3,471,N/A,N/A,N/A
2017-12-27 10:29PM,2017-12-28 7:45AM,502,53,29,555,81,338,83
2017-12-27 12:31AM,2017-12-27 7:11AM,342,57,23,399,44,240,58
2017-12-26 3:41PM,2017-12-26 5:33PM,106,6,0,112,N/A,N/A,N/A
2017-12-26 12:40AM,2017-12-26 9:02AM,449,53,23,502,61,318,70
2017-12-25 12:56AM,2017-12-25 7:19AM,360,23,18,383,30,247,83
2017-12-24 4:14PM,2017-12-24 5:38PM,64,20,0,84,N/A,N/A,N/A
2017-12-23 11:32PM,2017-12-24 8:57AM,507,58,33,565,70,349,88
2017-12-23 1:30AM,2017-12-23 7:48AM,344,33,29,377,34,236,74
2017-12-21 11:40PM,2017-12-22 7:19AM,436,23,3,459,N/A,N/A,N/A
2017-12-20 11:49PM,2017-12-21 8:34AM,446,79,32,525,86,261,99
2017-12-19 11:22PM,2017-12-20 9:34AM,543,69,35,612,76,353,114
2017-12-19 1:39AM,2017-12-19 9:21AM,410,52,27,462,47,275,88
2017-12-18 2:05PM,2017-12-18 3:41PM,91,5,0,96,N/A,N/A,N/A
2017-12-17 10:48PM,2017-12-18 7:24AM,450,66,30,516,31,309,110
2017-12-16 10:39PM,2017-12-17 8:59AM,512,108,32,620,56,360,96
2017-12-16 1:28AM,2017-12-16 8:26AM,383,35,30,418,56,274,53
2017-12-15 4:43PM,2017-12-15 6:06PM,78,5,0,83,N/A,N/A,N/A
2017-12-14 11:06PM,2017-12-15 7:02AM,418,57,22,475,47,285,86
2017-12-14 12:04AM,2017-12-14 7:00AM,373,43,25,416,91,227,55
2017-12-13 4:45PM,2017-12-13 6:20PM,90,5,0,95,N/A,N/A,N/A
2017-12-12 12:06AM,2017-12-12 7:44AM,392,66,22,458,49,278,65
2017-12-11 12:43PM,2017-12-11 2:49PM,124,2,0,126,N/A,N/A,N/A
2017-12-11 12:09AM,2017-12-11 7:47AM,395,63,35,458,12,325,58
2017-12-10 5:49PM,2017-12-10 7:05PM,69,7,1,76,N/A,N/A,N/A
2017-12-10 1:29AM,2017-12-10 10:03AM,464,50,33,514,60,314,90
2017-12-09 4:56PM,2017-12-09 6:11PM,68,7,0,75,N/A,N/A,N/A
2017-12-08 11:25PM,2017-12-09 7:38AM,426,67,21,493,79,259,88
2017-12-07 11:22PM,2017-12-08 7:47AM,442,63,37,505,58,325,59
2017-12-07 3:02PM,2017-12-07 4:47PM,94,11,0,105,N/A,N/A,N/A
2017-12-06 11:23PM,2017-12-07 7:59AM,441,75,31,516,45,323,73
2017-12-06 12:22PM,2017-12-06 1:45PM,73,10,1,83,N/A,N/A,N/A
2017-12-05 11:57PM,2017-12-06 7:15AM,376,62,33,438,36,283,57
2017-12-04 10:48PM,2017-12-05 7:38AM,475,55,29,530,46,355,74
2017-12-04 2:48PM,2017-12-04 5:12PM,138,6,0,144,N/A,N/A,N/A
2017-12-04 12:36AM,2017-12-04 7:32AM,361,55,22,416,45,239,77
2017-12-03 1:12AM,2017-12-03 9:30AM,455,43,3,498,N/A,N/A,N/A
2017-12-03 7:10PM,2017-12-03 8:02PM,47,0,1,52,N/A,N/A,N/A
2017-12-02 12:38AM,2017-12-02 8:20AM,379,83,23,462,30,285,64
2017-11-30 12:55AM,2017-11-30 12:20PM,583,102,30,685,120,402,61
2017-11-29 12:49AM,2017-11-29 7:54AM,389,36,24,425,64,263,62
2017-11-28 12:47AM,2017-11-28 7:42AM,366,49,22,415,20,290,56
2017-11-27 2:29AM,2017-11-27 8:22AM,297,56,13,353,67,187,43
2017-11-26 7:02PM,2017-11-26 8:23PM,71,9,1,80,N/A,N/A,N/A
2017-11-26 2:00AM,2017-11-26 11:35AM,504,71,36,575,57,354,93
2017-11-25 12:28AM,2017-11-25 9:27AM,465,73,34,538,20,357,88
2017-11-24 5:22PM,2017-11-24 6:10PM,40,7,0,48,N/A,N/A,N/A
2017-11-23 11:22PM,2017-11-24 9:49AM,595,32,2,627,N/A,N/A,N/A
2017-11-23 12:56AM,2017-11-23 9:54AM,476,62,19,538,46,366,64
2017-11-21 11:03PM,2017-11-22 7:20AM,438,58,26,496,48,341,49
2017-11-21 12:48AM,2017-11-21 7:26AM,346,51,13,397,62,224,60
2017-11-19 11:05PM,2017-11-20 7:43AM,449,69,26,518,65,325,59
2017-11-19 1:15AM,2017-11-19 10:31AM,528,28,3,556,N/A,N/A,N/A
2017-11-17 10:36PM,2017-11-18 10:30AM,619,95,42,714,75,479,65
2017-11-17 1:45AM,2017-11-17 7:30AM,291,54,26,345,5,235,51
2017-11-15 11:59PM,2017-11-16 7:32AM,403,50,23,453,66,257,80
2017-11-15 12:01AM,2017-11-15 7:31AM,409,41,30,450,34,283,92
2017-11-13 9:03PM,2017-11-14 6:53AM,536,54,41,590,83,375,78
2017-11-13 2:05AM,2017-11-13 7:01AM,250,46,14,296,27,192,31
2017-11-12 4:17PM,2017-11-12 5:24PM,61,6,1,67,N/A,N/A,N/A
2017-11-12 12:33AM,2017-11-12 10:10AM,499,78,31,577,66,349,84
2017-11-11 5:03AM,2017-11-11 10:13AM,242,68,11,310,6,203,33
2017-11-10 10:34PM,2017-11-11 4:01AM,275,52,15,327,22,195,58
2017-11-09 10:54PM,2017-11-10 6:56AM,423,58,25,481,58,279,86
2017-11-08 11:34PM,2017-11-09 6:49AM,377,58,17,435,66,265,46
2017-11-07 11:40PM,2017-11-08 8:26AM,464,62,29,526,52,365,47
2017-11-07 5:49PM,2017-11-07 7:12PM,77,6,1,83,N/A,N/A,N/A
2017-11-06 11:18PM,2017-11-07 7:02AM,412,51,37,463,39,302,71
2017-11-05 11:40PM,2017-11-06 6:48AM,369,59,31,428,37,281,51
2017-11-05 4:11PM,2017-11-05 5:32PM,75,5,1,81,N/A,N/A,N/A
2017-11-05 12:53AM,2017-11-05 9:17AM,419,85,33,504,55,273,91
2017-11-04 6:43PM,2017-11-04 8:00PM,73,4,2,77,N/A,N/A,N/A
2017-11-03 10:20PM,2017-11-04 10:52AM,681,70,44,751,63,482,136
2017-11-03 1:31AM,2017-11-03 7:00AM,290,39,15,329,33,195,62
2017-11-01 11:15PM,2017-11-02 6:55AM,420,40,27,460,67,302,51
2017-11-01 3:46PM,2017-11-01 5:07PM,73,8,0,81,N/A,N/A,N/A
2017-11-01 12:27AM,2017-11-01 7:00AM,345,48,22,393,23,251,71
2017-10-31 6:14PM,2017-10-31 7:47PM,89,4,1,93,N/A,N/A,N/A
2017-10-30 12:19AM,2017-10-30 5:31AM,249,63,17,312,29,163,57
2017-10-29 12:35AM,2017-10-29 11:22AM,572,75,48,647,34,441,97
2017-10-28 12:37AM,2017-10-28 10:11AM,506,68,38,574,69,334,103
2017-10-26 10:28PM,2017-10-27 6:50AM,450,52,36,502,66,312,72
2017-10-25 10:47PM,2017-10-26 6:50AM,428,55,29,483,57,313,58
2017-10-24 11:06PM,2017-10-25 6:56AM,416,53,25,469,36,324,56
2017-10-23 11:07PM,2017-10-24 6:48AM,409,52,26,461,59,260,90
2017-10-23 5:31PM,2017-10-23 7:10PM,95,3,0,98,N/A,N/A,N/A
2017-10-23 12:25AM,2017-10-23 6:38AM,316,57,20,373,11,237,68
2017-10-22 12:53AM,2017-10-22 8:45AM,439,33,2,472,N/A,N/A,N/A
2017-10-21 12:23AM,2017-10-21 10:09AM,523,63,42,586,112,328,83
2017-10-20 5:22PM,2017-10-20 6:44PM,79,3,0,82,N/A,N/A,N/A
2017-10-19 11:43PM,2017-10-20 6:58AM,388,47,29,435,17,312,59
2017-10-19 12:31AM,2017-10-19 9:35AM,479,65,39,544,28,340,111
2017-10-17 11:37PM,2017-10-18 8:02AM,436,69,29,505,59,318,59
2017-10-17 4:38PM,2017-10-17 6:16PM,88,9,0,98,N/A,N/A,N/A
2017-10-16 11:44PM,2017-10-17 7:33AM,374,95,20,469,27,292,55
2017-10-16 12:04AM,2017-10-16 10:13AM,518,91,37,609,51,349,118
2017-10-15 12:43AM,2017-10-15 10:49AM,506,100,32,606,105,356,45
2017-10-14 12:10AM,2017-10-14 11:34AM,642,36,2,684,N/A,N/A,N/A
2017-10-13 1:04PM,2017-10-13 2:25PM,74,7,0,81,N/A,N/A,N/A
2017-10-12 11:57PM,2017-10-13 6:48AM,355,56,19,411,39,248,68
2017-10-12 1:25AM,2017-10-12 10:20AM,484,51,29,535,61,324,99
2017-10-11 12:14AM,2017-10-11 10:12AM,498,100,33,598,38,380,80
2017-10-10 1:15AM,2017-10-10 9:59AM,469,55,31,524,62,359,48
2017-10-09 12:09PM,2017-10-09 2:06PM,109,8,2,117,N/A,N/A,N/A
2017-10-09 12:31AM,2017-10-09 7:24AM,368,45,28,413,32,287,49
2017-10-08 5:53PM,2017-10-08 7:26PM,84,3,2,92,N/A,N/A,N/A
2017-10-08 12:56AM,2017-10-08 11:13AM,549,68,39,617,32,415,102
2017-10-07 2:51AM,2017-10-07 10:44AM,421,52,27,473,48,313,60
2017-10-06 5:36PM,2017-10-06 7:02PM,81,5,0,86,N/A,N/A,N/A
2017-10-06 6:10AM,2017-10-06 9:23AM,159,34,15,193,27,132,0
2017-10-04 11:29PM,2017-10-05 10:05AM,580,56,36,636,59,430,91
2017-10-04 2:51PM,2017-10-04 5:11PM,124,16,1,140,N/A,N/A,N/A
2017-10-04 12:46AM,2017-10-04 7:11AM,328,56,20,384,37,230,61
2017-10-03 12:01AM,2017-10-03 10:09AM,557,50,46,607,86,390,81
2017-10-02 12:31AM,2017-10-02 10:29AM,493,105,40,598,97,333,63
2017-10-01 4:19PM,2017-10-01 7:29PM,162,27,9,189,5,134,23
2017-10-01 12:04AM,2017-10-01 9:48AM,513,71,31,584,105,330,78
2017-09-30 1:31AM,2017-09-30 9:30AM,422,57,31,479,23,314,85
2017-09-29 12:39AM,2017-09-29 11:01AM,546,76,40,622,68,403,75
2017-09-28 1:33AM,2017-09-28 9:48AM,453,36,4,495,N/A,N/A,N/A
2017-09-27 6:07AM,2017-09-27 11:31AM,264,60,20,324,15,219,30
2017-09-27 12:13AM,2017-09-27 4:54AM,242,39,16,281,23,183,36
2017-09-26 9:52AM,2017-09-26 11:35AM,96,7,1,103,N/A,N/A,N/A
2017-09-26 12:59AM,2017-09-26 8:09AM,357,73,29,430,27,239,91
2017-09-25 3:31AM,2017-09-25 11:05AM,390,63,21,453,147,186,57
2017-09-24 2:00AM,2017-09-24 11:02AM,463,79,30,542,74,315,74
2017-09-23 6:40PM,2017-09-23 8:13PM,89,4,0,93,N/A,N/A,N/A
2017-09-23 12:33AM,2017-09-23 9:30AM,447,89,24,536,89,272,86
2017-09-21 11:34PM,2017-09-22 9:30AM,505,91,32,596,62,329,114
2017-09-19 11:40PM,2017-09-20 10:10AM,560,70,42,630,39,452,69
2017-09-18 11:59PM,2017-09-19 7:35AM,391,65,34,456,16,342,33
2017-09-17 10:15PM,2017-09-18 6:38AM,472,31,1,503,N/A,N/A,N/A
2017-09-17 1:01PM,2017-09-17 3:34PM,149,4,0,153,N/A,N/A,N/A
2017-09-16 10:32PM,2017-09-17 6:17AM,391,74,23,465,18,343,30
2017-09-16 5:02AM,2017-09-16 12:02PM,402,18,2,420,N/A,N/A,N/A
2017-09-15 2:10AM,2017-09-15 9:05AM,367,48,20,415,60,241,66
2017-09-14 5:21PM,2017-09-14 6:44PM,73,10,1,83,N/A,N/A,N/A
2017-09-14 12:37AM,2017-09-14 7:53AM,395,40,26,435,5,300,90
2017-09-13 12:59AM,2017-09-13 8:24AM,380,65,21,445,0,287,93
2017-09-11 11:33PM,2017-09-12 3:53AM,221,39,12,260,32,165,24
2017-09-11 1:16AM,2017-09-11 8:51AM,427,28,2,455,N/A,N/A,N/A
2017-09-10 12:26AM,2017-09-10 9:13AM,464,63,32,527,43,336,85
2017-09-09 1:59PM,2017-09-09 4:32PM,129,24,2,153,N/A,N/A,N/A
2017-09-09 12:59AM,2017-09-09 5:24AM,243,22,10,265,51,143,49
2017-09-08 1:00AM,2017-09-08 6:58AM,321,37,10,358,41,207,73
2017-09-07 1:53AM,2017-09-07 10:25AM,445,67,23,512,83,253,109
2017-09-05 11:04PM,2017-09-06 5:06AM,329,33,2,362,N/A,N/A,N/A
2017-09-05 12:18AM,2017-09-05 8:50AM,441,71,26,512,60,285,96
2017-09-03 11:27PM,2017-09-04 12:53AM,82,3,0,85,N/A,N/A,N/A
2017-09-03 12:26AM,2017-09-03 8:06AM,404,56,30,460,31,303,70
2017-09-02 12:17AM,2017-09-02 11:25AM,610,58,3,668,N/A,N/A,N/A
2017-09-01 3:46AM,2017-09-01 10:51AM,379,46,21,425,64,228,87
2017-08-31 4:43AM,2017-08-31 1:16PM,427,86,26,513,51,282,94
2017-08-30 2:20AM,2017-08-30 10:21AM,425,56,32,481,26,329,70
2017-08-29 3:26PM,2017-08-29 4:48PM,73,9,1,82,N/A,N/A,N/A
2017-08-29 2:16AM,2017-08-29 7:29AM,273,40,2,313,N/A,N/A,N/A
2017-08-28 6:31PM,2017-08-28 7:36PM,60,5,1,65,N/A,N/A,N/A
2017-08-28 1:37AM,2017-08-28 8:00AM,345,38,24,383,71,196,78
2017-08-27 2:08AM,2017-08-27 11:38AM,474,96,36,570,61,315,98
2017-08-26 12:40AM,2017-08-26 11:34AM,593,61,44,654,127,365,101
2017-08-24 11:51PM,2017-08-25 12:07PM,622,114,45,736,98,451,73
2017-08-24 2:52AM,2017-08-24 11:10AM,417,81,29,498,63,294,60
2017-08-23 11:31PM,2017-08-24 1:09AM,88,10,1,98,N/A,N/A,N/A
2017-08-23 2:23AM,2017-08-23 9:47AM,400,43,28,443,33,318,49
2017-08-22 5:15PM,2017-08-22 7:30PM,126,8,0,135,N/A,N/A,N/A
2017-08-22 1:40AM,2017-08-22 8:13AM,335,58,23,393,35,259,41
2017-08-21 2:20AM,2017-08-21 10:26AM,435,51,33,486,45,318,72
2017-08-20 12:37AM,2017-08-20 4:09AM,203,9,1,212,N/A,N/A,N/A
2017-08-19 1:59AM,2017-08-19 9:15AM,385,51,24,436,60,242,83
2017-08-17 11:48PM,2017-08-18 10:19AM,554,77,40,631,62,394,98
2017-08-16 5:44PM,2017-08-16 7:18PM,84,8,1,94,N/A,N/A,N/A
2017-08-16 12:20AM,2017-08-16 10:25AM,540,65,46,605,79,392,69
2017-08-14 1:32AM,2017-08-14 8:43AM,403,28,3,431,N/A,N/A,N/A
2017-08-13 10:42AM,2017-08-13 1:05PM,126,17,1,143,N/A,N/A,N/A
2017-08-13 2:17AM,2017-08-13 9:34AM,373,64,22,437,8,286,79
2017-08-12 5:41PM,2017-08-12 8:11PM,136,14,1,150,N/A,N/A,N/A
2017-08-12 12:12AM,2017-08-12 8:05AM,401,72,23,473,52,269,80
2017-08-11 1:01AM,2017-08-11 11:30AM,536,93,33,629,77,357,102
2017-08-10 3:48PM,2017-08-10 5:38PM,100,10,1,110,N/A,N/A,N/A
2017-08-10 12:41AM,2017-08-10 8:21AM,407,53,26,460,45,308,54
2017-08-09 1:58AM,2017-08-09 11:53AM,511,84,44,595,57,355,99
2017-08-08 12:53AM,2017-08-08 10:52AM,560,39,2,599,N/A,N/A,N/A
2017-08-07 12:13AM,2017-08-07 11:02AM,533,115,39,648,54,404,75
2017-08-06 4:55PM,2017-08-06 6:41PM,99,6,2,106,N/A,N/A,N/A
2017-08-06 12:48AM,2017-08-06 11:50AM,551,110,48,661,64,391,96
2017-08-05 1:02AM,2017-08-05 10:48AM,496,90,36,586,75,343,78
2017-08-04 12:18AM,2017-08-04 11:09AM,552,99,38,651,41,434,77
2017-08-02 10:14PM,2017-08-03 7:52AM,510,68,34,578,109,309,92
2017-08-02 12:59AM,2017-08-02 10:27AM,462,105,29,567,68,362,32
2017-08-01 12:09AM,2017-08-01 7:50AM,402,59,31,461,50,303,49
2017-07-30 11:36PM,2017-07-31 9:36AM,547,52,3,600,N/A,N/A,N/A
2017-07-30 12:30AM,2017-07-30 9:33AM,486,57,39,543,59,347,80
2017-07-29 5:02PM,2017-07-29 7:34PM,138,13,1,151,N/A,N/A,N/A
2017-07-29 12:43AM,2017-07-29 10:39AM,495,101,33,596,46,415,34
2017-07-28 6:35AM,2017-07-28 12:43PM,319,49,27,368,46,229,44
2017-07-27 11:54PM,2017-07-28 5:01AM,260,47,18,307,7,209,44
2017-07-27 1:54PM,2017-07-27 4:04PM,119,11,1,130,N/A,N/A,N/A
2017-07-27 1:59AM,2017-07-27 7:31AM,298,34,18,332,28,227,43
2017-07-26 7:03PM,2017-07-26 8:14PM,68,3,1,71,N/A,N/A,N/A
2017-07-26 1:25AM,2017-07-26 8:01AM,326,69,16,395,39,222,65
2017-07-24 11:33PM,2017-07-25 10:23AM,548,102,37,650,87,387,74
2017-07-23 11:24PM,2017-07-24 9:24AM,523,77,46,600,33,425,65
2017-07-23 1:50AM,2017-07-23 11:03AM,478,75,32,553,38,366,74
2017-07-22 12:41AM,2017-07-22 8:50AM,422,67,31,489,52,291,79
2017-07-21 12:12AM,2017-07-21 8:41AM,449,59,29,508,59,281,109
2017-07-20 4:27PM,2017-07-20 5:34PM,59,8,0,67,N/A,N/A,N/A
2017-07-20 12:04AM,2017-07-20 6:27AM,354,29,24,383,27,274,53
2017-07-19 12:11AM,2017-07-19 7:27AM,382,54,29,436,36,317,29
2017-07-18 10:12AM,2017-07-18 1:21PM,155,34,8,189,0,130,25
2017-07-18 2:43AM,2017-07-18 7:05AM,195,66,11,261,8,163,24
2017-07-17 5:50PM,2017-07-17 7:33PM,95,8,1,103,N/A,N/A,N/A
2017-07-16 10:45PM,2017-07-17 10:02AM,553,124,51,677,113,374,66
2017-07-16 2:15AM,2017-07-16 11:21AM,475,71,28,546,40,334,101
2017-07-15 1:47AM,2017-07-15 11:54AM,515,91,39,606,35,393,87
2017-07-13 11:55PM,2017-07-14 7:38AM,408,55,28,463,85,238,85
2017-07-12 11:40PM,2017-07-13 6:57AM,382,55,21,437,68,248,66
2017-07-12 12:09AM,2017-07-12 8:09AM,410,70,33,480,46,271,93
2017-07-11 12:14AM,2017-07-11 8:05AM,409,62,30,471,56,277,76
2017-07-09 9:11PM,2017-07-10 6:45AM,497,77,27,574,74,321,102
2017-07-09 12:42AM,2017-07-09 10:50AM,519,88,42,607,85,332,102
2017-07-08 4:11PM,2017-07-08 6:34PM,135,8,0,143,N/A,N/A,N/A
2017-07-08 12:32AM,2017-07-08 8:27AM,407,68,31,475,49,290,68
2017-07-07 2:23AM,2017-07-07 7:58AM,304,31,22,335,27,228,49
2017-07-06 2:30AM,2017-07-06 9:33AM,339,84,24,423,21,274,44
2017-07-05 1:06PM,2017-07-05 2:47PM,95,6,1,101,N/A,N/A,N/A
2017-07-04 11:42PM,2017-07-05 10:19AM,572,65,34,637,59,433,80
2017-07-04 2:22AM,2017-07-04 11:09AM,465,62,37,527,35,350,80
2017-07-03 12:43AM,2017-07-03 11:06AM,521,101,28,622,55,387,79
2017-07-01 11:56PM,2017-07-02 12:59PM,662,121,48,783,112,439,111
2017-07-01 1:13AM,2017-07-01 8:08AM,367,48,32,415,41,281,45
2017-06-30 7:29PM,2017-06-30 9:38PM,119,10,1,129,N/A,N/A,N/A
2017-06-29 11:12PM,2017-06-30 8:58AM,517,69,29,586,43,387,87
2017-06-28 11:16PM,2017-06-29 5:53AM,355,42,24,397,45,251,59
2017-06-28 12:13AM,2017-06-28 8:08AM,419,56,26,475,17,299,103
2017-06-26 11:36PM,2017-06-27 8:08AM,446,66,28,512,92,306,48
2017-06-25 11:41PM,2017-06-26 7:10AM,387,62,29,449,37,297,53
2017-06-24 11:37PM,2017-06-25 10:09AM,564,68,35,632,80,368,116
2017-06-23 11:35PM,2017-06-24 8:59AM,479,85,30,564,64,364,51
2017-06-22 10:53PM,2017-06-23 1:50AM,166,11,1,177,N/A,N/A,N/A
2017-06-22 12:24AM,2017-06-22 5:59AM,295,40,14,335,31,223,41
2017-06-20 10:55PM,2017-06-21 9:23AM,567,61,39,628,58,447,62
2017-06-19 10:07PM,2017-06-20 6:10AM,431,52,32,483,61,326,44
2017-06-19 2:15AM,2017-06-19 8:02AM,300,46,19,346,32,232,36
2017-06-18 7:09PM,2017-06-18 9:58PM,155,14,0,169,N/A,N/A,N/A
2017-06-18 2:20AM,2017-06-18 9:45AM,385,59,39,444,38,282,65
2017-06-17 8:26PM,2017-06-17 9:52PM,80,5,0,85,N/A,N/A,N/A
2017-06-17 1:15AM,2017-06-17 11:26AM,538,73,32,611,96,314,128
2017-06-16 12:44AM,2017-06-16 8:12AM,407,40,28,447,75,262,70
2017-06-14 11:35PM,2017-06-15 8:09AM,438,76,33,514,57,302,79
2017-06-13 11:13PM,2017-06-14 8:09AM,462,74,31,536,64,331,67
2017-06-12 11:46PM,2017-06-13 7:58AM,437,55,31,492,31,331,75
2017-06-12 12:08AM,2017-06-12 9:09AM,441,100,35,541,42,342,57
2017-06-11 12:49AM,2017-06-11 11:53AM,579,84,40,663,39,445,95
2017-06-10 12:50AM,2017-06-10 8:58AM,427,61,27,488,19,340,68
2017-06-09 12:40AM,2017-06-09 8:50AM,472,18,0,490,N/A,N/A,N/A
2017-06-07 8:44PM,2017-06-08 7:34AM,570,80,45,650,102,411,57
2017-06-06 10:36PM,2017-06-07 7:27AM,444,87,33,531,48,335,61
2017-06-05 11:13PM,2017-06-06 8:17AM,475,69,31,544,51,351,73
2017-06-04 10:09PM,2017-06-05 5:51AM,410,52,22,462,56,274,80
2017-06-04 1:15AM,2017-06-04 11:54AM,554,85,48,639,75,360,119
2017-06-03 1:47PM,2017-06-03 4:06PM,118,21,1,139,N/A,N/A,N/A
2017-06-03 1:47AM,2017-06-03 9:29AM,395,67,27,462,97,232,66
2017-06-01 11:29PM,2017-06-02 8:08AM,467,52,27,519,75,361,31
2017-05-30 11:55PM,2017-05-31 8:31AM,429,87,33,516,64,305,60
2017-05-30 12:22AM,2017-05-30 8:01AM,409,50,21,459,51,277,81
2017-05-29 12:22AM,2017-05-29 9:38AM,504,52,30,556,51,421,32
2017-05-28 1:12AM,2017-05-28 9:57AM,453,72,39,525,23,340,90
2017-05-27 12:23AM,2017-05-27 8:07AM,416,48,30,464,51,293,72
2017-05-26 11:39AM,2017-05-26 1:50PM,116,14,2,130,N/A,N/A,N/A
2017-05-25 11:24PM,2017-05-26 7:35AM,428,62,28,490,36,333,59
2017-05-24 10:29PM,2017-05-25 7:39AM,497,53,33,550,49,353,95
2017-05-23 11:37PM,2017-05-24 7:27AM,424,46,25,470,59,308,57
2017-05-22 10:33PM,2017-05-23 8:17AM,547,33,2,584,N/A,N/A,N/A
2017-05-22 12:29AM,2017-05-22 8:32AM,439,44,25,483,69,323,47
2017-05-21 1:59AM,2017-05-21 12:10PM,541,70,38,611,98,329,114
2017-05-20 3:05AM,2017-05-20 12:51PM,499,87,36,586,49,365,85
2017-05-19 12:37AM,2017-05-19 7:47AM,387,43,21,430,42,249,96
2017-05-18 2:42AM,2017-05-18 7:45AM,267,36,15,303,17,180,70
2017-05-17 1:11AM,2017-05-17 7:42AM,346,45,25,391,54,204,88
2017-05-16 12:19AM,2017-05-16 8:48AM,453,55,26,508,20,340,93
2017-05-15 12:32AM,2017-05-15 8:15AM,394,69,29,463,61,279,54
2017-05-14 5:10PM,2017-05-14 8:41PM,184,26,9,210,22,136,26
2017-05-14 1:51AM,2017-05-14 5:34AM,211,12,1,223,N/A,N/A,N/A
2017-05-13 7:11PM,2017-05-13 8:48PM,89,8,1,97,N/A,N/A,N/A
2017-05-12 11:28PM,2017-05-13 10:02AM,559,75,40,634,43,430,86
2017-05-11 10:03PM,2017-05-12 8:04AM,522,78,35,600,76,330,116
2017-05-10 11:11PM,2017-05-11 8:35AM,496,68,28,564,110,280,106
2017-05-09 10:19PM,2017-05-10 7:40AM,518,43,27,561,61,366,91
2017-05-08 10:48PM,2017-05-09 7:53AM,484,60,35,544,71,344,69
2017-05-08 12:43AM,2017-05-08 8:18AM,408,47,33,455,83,268,57
2017-05-07 12:14AM,2017-05-07 11:12AM,581,77,38,658,73,434,74
2017-05-05 11:57PM,2017-05-06 11:14AM,573,104,32,677,108,409,56
2017-05-04 11:13PM,2017-05-05 7:45AM,501,11,0,512,N/A,N/A,N/A
2017-05-03 11:29PM,2017-05-04 7:28AM,432,47,31,479,68,296,68
2017-05-03 3:46AM,2017-05-03 8:12AM,233,33,14,266,13,182,38
2017-05-02 10:55PM,2017-05-03 2:40AM,182,43,20,225,0,129,53
2017-05-01 11:56PM,2017-05-02 8:17AM,438,63,27,501,55,278,105
2017-04-30 10:43PM,2017-05-01 7:59AM,533,23,2,556,N/A,N/A,N/A
2017-04-30 12:22AM,2017-04-30 8:55AM,474,28,3,513,N/A,N/A,N/A
2017-04-28 11:12PM,2017-04-29 9:16AM,547,57,7,604,N/A,N/A,N/A
2017-04-27 11:52PM,2017-04-28 8:10AM,482,15,0,497,N/A,N/A,N/A
2017-04-26 11:15PM,2017-04-27 7:26AM,475,15,1,491,N/A,N/A,N/A
2017-04-25 10:21PM,2017-04-26 8:06AM,568,16,0,584,N/A,N/A,N/A
2017-04-25 1:45AM,2017-04-25 7:48AM,346,17,1,363,N/A,N/A,N/A
2017-04-23 10:17PM,2017-04-24 10:17AM,634,82,5,720,N/A,N/A,N/A
2017-04-22 10:17PM,2017-04-23 9:29AM,640,32,4,672,N/A,N/A,N/A
2017-04-22 12:14AM,2017-04-22 9:48AM,537,32,6,574,N/A,N/A,N/A
2017-04-20 11:36PM,2017-04-21 8:28AM,498,34,2,532,N/A,N/A,N/A
2017-04-19 11:09PM,2017-04-20 8:09AM,507,33,3,540,N/A,N/A,N/A
2017-04-18 11:10PM,2017-04-19 7:42AM,498,14,1,512,N/A,N/A,N/A
2017-04-17 10:14PM,2017-04-18 8:01AM,555,31,2,587,N/A,N/A,N/A
2017-04-17 12:23AM,2017-04-17 8:32AM,461,28,3,489,N/A,N/A,N/A
2017-04-15 10:11PM,2017-04-16 9:33AM,641,40,1,682,N/A,N/A,N/A
2017-04-14 1:16AM,2017-04-14 8:09AM,383,22,1,413,N/A,N/A,N/A
2017-04-12 11:16PM,2017-04-13 8:03AM,493,34,3,527,N/A,N/A,N/A
2017-04-12 12:25AM,2017-04-12 7:44AM,415,24,1,439,N/A,N/A,N/A
2017-04-10 11:16PM,2017-04-11 8:30AM,492,48,4,554,N/A,N/A,N/A
2017-04-10 1:05AM,2017-04-10 8:41AM,407,49,3,456,N/A,N/A,N/A
2017-04-08 11:34PM,2017-04-09 11:05AM,643,48,4,691,N/A,N/A,N/A
2017-04-08 2:04AM,2017-04-08 10:54AM,484,46,3,530,N/A,N/A,N/A
2017-04-06 11:16PM,2017-04-07 7:00AM,435,29,2,464,N/A,N/A,N/A
2017-04-05 11:25PM,2017-04-06 7:34AM,468,21,1,489,N/A,N/A,N/A
2017-04-04 10:18PM,2017-04-05 8:02AM,541,43,5,584,N/A,N/A,N/A
2017-04-03 10:43PM,2017-04-04 7:15AM,486,26,2,512,N/A,N/A,N/A
2017-04-02 11:32PM,2017-04-03 7:40AM,461,24,2,488,N/A,N/A,N/A
2017-04-01 11:11PM,2017-04-02 8:43AM,531,27,3,572,N/A,N/A,N/A
2017-04-01 1:45AM,2017-04-01 11:10AM,537,28,2,565,N/A,N/A,N/A
2017-03-31 4:13PM,2017-03-31 5:46PM,93,0,0,93,N/A,N/A,N/A
2017-03-31 4:18AM,2017-03-31 7:33AM,170,25,2,195,N/A,N/A,N/A
2017-03-30 8:03PM,2017-03-30 9:44PM,96,5,0,101,N/A,N/A,N/A
2017-03-30 1:35AM,2017-03-30 8:14AM,361,38,3,399,N/A,N/A,N/A
2017-03-29 6:16PM,2017-03-29 8:11PM,111,4,1,115,N/A,N/A,N/A
2017-03-29 12:58AM,2017-03-29 8:53AM,440,35,3,475,N/A,N/A,N/A
2017-03-28 4:13AM,2017-03-28 8:48AM,256,19,1,275,N/A,N/A,N/A
2017-03-26 11:04PM,2017-03-27 7:21AM,469,28,1,497,N/A,N/A,N/A
2017-03-26 12:01PM,2017-03-26 4:22PM,244,17,3,261,N/A,N/A,N/A
2017-03-25 11:48PM,2017-03-26 2:59AM,186,5,0,191,N/A,N/A,N/A
2017-03-25 12:15AM,2017-03-25 7:35AM,418,22,3,440,N/A,N/A,N/A
2017-03-23 11:45PM,2017-03-24 7:29AM,437,27,1,464,N/A,N/A,N/A
2017-03-22 11:27PM,2017-03-23 7:23AM,452,23,1,476,N/A,N/A,N/A
2017-03-21 10:54PM,2017-03-22 8:23AM,536,33,4,569,N/A,N/A,N/A
2017-03-21 12:04AM,2017-03-21 7:44AM,437,23,2,460,N/A,N/A,N/A
2017-03-19 2:35PM,2017-03-19 4:42PM,119,8,0,127,N/A,N/A,N/A
2017-03-19 2:32AM,2017-03-19 10:43AM,416,75,5,491,N/A,N/A,N/A
2017-03-18 12:20AM,2017-03-18 9:57AM,549,28,1,577,N/A,N/A,N/A
2017-03-17 1:02AM,2017-03-17 8:22AM,412,28,3,440,N/A,N/A,N/A
2017-03-15 11:45PM,2017-03-16 8:11AM,461,45,4,506,N/A,N/A,N/A
2017-03-14 11:30PM,2017-03-15 7:37AM,458,28,1,487,N/A,N/A,N/A
2017-03-13 8:03PM,2017-03-14 10:46AM,836,47,2,883,N/A,N/A,N/A
2017-03-12 11:50PM,2017-03-13 6:31AM,361,40,4,401,N/A,N/A,N/A
2017-03-12 12:41AM,2017-03-12 11:29AM,583,59,3,647,N/A,N/A,N/A
2017-03-09 10:30PM,2017-03-10 8:11AM,526,55,7,581,N/A,N/A,N/A
2017-03-08 11:43PM,2017-03-09 7:03AM,420,20,3,440,N/A,N/A,N/A
2017-03-07 11:36PM,2017-03-08 8:10AM,463,43,2,514,N/A,N/A,N/A
2017-03-06 11:24PM,2017-03-07 7:43AM,459,34,5,499,N/A,N/A,N/A
2017-03-05 10:18PM,2017-03-06 8:20AM,530,55,5,602,N/A,N/A,N/A
2017-03-05 1:09AM,2017-03-05 10:58AM,535,54,6,589,N/A,N/A,N/A
2017-03-03 11:32PM,2017-03-04 10:58AM,650,30,2,686,N/A,N/A,N/A
2017-03-03 12:16AM,2017-03-03 7:57AM,435,26,3,461,N/A,N/A,N/A
2017-03-01 10:29PM,2017-03-02 12:02PM,726,79,7,813,N/A,N/A,N/A
2017-02-28 11:50PM,2017-03-01 8:23AM,449,49,5,513,N/A,N/A,N/A
2017-02-27 11:57PM,2017-02-28 7:24AM,404,42,5,446,N/A,N/A,N/A
2017-02-26 10:31PM,2017-02-27 6:54AM,474,25,1,503,N/A,N/A,N/A
2017-02-26 12:43AM,2017-02-26 12:29PM,646,59,6,706,N/A,N/A,N/A
2017-02-25 12:06AM,2017-02-25 10:03AM,566,31,2,597,N/A,N/A,N/A
2017-02-23 10:22PM,2017-02-24 7:49AM,537,25,0,567,N/A,N/A,N/A
2017-02-22 10:40PM,2017-02-23 8:27AM,539,48,3,587,N/A,N/A,N/A
2017-02-21 10:00PM,2017-02-22 7:45AM,532,49,3,585,N/A,N/A,N/A
2017-02-20 11:09PM,2017-02-21 7:44AM,488,27,3,515,N/A,N/A,N/A
2017-02-20 12:50AM,2017-02-20 7:45AM,394,21,1,415,N/A,N/A,N/A
2017-02-19 3:21PM,2017-02-19 5:00PM,73,26,4,99,N/A,N/A,N/A
2017-02-19 1:38AM,2017-02-19 10:10AM,482,30,3,512,N/A,N/A,N/A
2017-02-18 12:33AM,2017-02-18 10:42AM,560,38,5,609,N/A,N/A,N/A
2017-02-17 12:24AM,2017-02-17 7:47AM,408,35,1,443,N/A,N/A,N/A
2017-02-15 11:42PM,2017-02-16 8:01AM,469,30,2,499,N/A,N/A,N/A
2017-02-15 8:00PM,2017-02-15 9:32PM,89,3,0,92,N/A,N/A,N/A
2017-02-14 11:48PM,2017-02-15 7:29AM,431,30,3,461,N/A,N/A,N/A
2017-02-12 11:39PM,2017-02-13 8:09AM,454,56,5,510,N/A,N/A,N/A
2017-02-12 12:44AM,2017-02-12 1:41PM,715,62,5,777,N/A,N/A,N/A
2017-02-10 11:51PM,2017-02-11 9:06AM,525,30,3,555,N/A,N/A,N/A
2017-02-09 11:25PM,2017-02-10 7:22AM,440,36,2,477,N/A,N/A,N/A
2017-02-09 3:48PM,2017-02-09 5:41PM,100,13,1,113,N/A,N/A,N/A
2017-02-09 9:50AM,2017-02-09 10:54AM,57,7,1,64,N/A,N/A,N/A
2017-02-08 11:09PM,2017-02-09 8:33AM,551,13,1,564,N/A,N/A,N/A
2017-02-07 10:56PM,2017-02-08 7:36AM,497,23,1,520,N/A,N/A,N/A
2017-02-06 11:59PM,2017-02-07 7:43AM,444,20,1,464,N/A,N/A,N/A
2017-02-05 12:14AM,2017-02-05 10:36AM,579,34,3,622,N/A,N/A,N/A
2017-02-04 1:20AM,2017-02-04 8:52AM,430,22,2,452,N/A,N/A,N/A
2017-02-02 11:58PM,2017-02-03 8:44AM,501,25,4,526,N/A,N/A,N/A
2017-02-02 8:11PM,2017-02-02 10:45PM,132,22,6,154,N/A,N/A,N/A
2017-02-02 1:16AM,2017-02-02 8:42AM,429,17,0,446,N/A,N/A,N/A
2017-02-01 1:02AM,2017-02-01 8:14AM,406,26,3,432,N/A,N/A,N/A
2017-01-31 12:49AM,2017-01-31 8:04AM,427,8,0,435,N/A,N/A,N/A
2017-01-30 3:09AM,2017-01-30 8:05AM,288,7,0,296,N/A,N/A,N/A
2017-01-29 6:01PM,2017-01-29 7:57PM,105,11,1,116,N/A,N/A,N/A
2017-01-29 1:05AM,2017-01-29 10:17AM,519,32,3,551,N/A,N/A,N/A
2017-01-27 11:25PM,2017-01-28 11:37AM,687,40,3,731,N/A,N/A,N/A
2017-01-27 12:09AM,2017-01-27 8:04AM,450,25,4,475,N/A,N/A,N/A
2017-01-25 11:47PM,2017-01-26 7:47AM,459,20,1,479,N/A,N/A,N/A
2017-01-24 11:37PM,2017-01-25 7:38AM,442,39,3,481,N/A,N/A,N/A
2017-01-23 10:38PM,2017-01-24 7:52AM,523,31,1,554,N/A,N/A,N/A
2017-01-23 1:19AM,2017-01-23 7:41AM,359,23,1,382,N/A,N/A,N/A
2017-01-21 11:39PM,2017-01-22 11:26AM,674,33,3,707,N/A,N/A,N/A
2017-01-21 1:59AM,2017-01-21 12:33PM,584,41,5,634,N/A,N/A,N/A
2017-01-20 2:09AM,2017-01-20 10:02AM,440,33,4,473,N/A,N/A,N/A
2017-01-18 11:50PM,2017-01-19 9:11AM,532,29,1,561,N/A,N/A,N/A
2017-01-18 5:53PM,2017-01-18 7:24PM,82,9,1,91,N/A,N/A,N/A
2017-01-18 12:07AM,2017-01-18 9:33AM,500,42,8,566,N/A,N/A,N/A
2017-01-17 1:06AM,2017-01-17 9:37AM,476,34,6,510,N/A,N/A,N/A
2017-01-15 11:40PM,2017-01-16 9:09AM,525,44,3,569,N/A,N/A,N/A
2017-01-14 10:59PM,2017-01-15 8:11AM,489,63,6,552,N/A,N/A,N/A
2017-01-13 11:13PM,2017-01-14 7:18AM,454,28,1,485,N/A,N/A,N/A
2017-01-12 10:58PM,2017-01-13 7:51AM,505,28,2,533,N/A,N/A,N/A
2017-01-11 11:07PM,2017-01-12 7:34AM,482,18,3,507,N/A,N/A,N/A
2017-01-10 11:22PM,2017-01-11 7:23AM,449,32,2,481,N/A,N/A,N/A
2017-01-10 12:01AM,2017-01-10 8:14AM,468,25,3,493,N/A,N/A,N/A
2017-01-08 11:51PM,2017-01-09 7:43AM,443,29,2,472,N/A,N/A,N/A
2017-01-08 1:17AM,2017-01-08 10:52AM,535,40,1,575,N/A,N/A,N/A
2017-01-07 1:27AM,2017-01-07 10:18AM,515,16,2,531,N/A,N/A,N/A
2017-01-06 7:12PM,2017-01-06 9:41PM,140,1,0,149,N/A,N/A,N/A
2017-01-06 12:37AM,2017-01-06 8:24AM,412,18,2,467,N/A,N/A,N/A
2017-01-04 7:58PM,2017-01-05 8:04AM,674,52,3,726,N/A,N/A,N/A
2017-01-04 12:28AM,2017-01-04 8:29AM,441,38,3,481,N/A,N/A,N/A
2017-01-02 10:18PM,2017-01-03 7:59AM,541,40,3,581,N/A,N/A,N/A
2017-01-02 2:20AM,2017-01-02 10:47AM,486,21,3,507,N/A,N/A,N/A
2016-12-31 2:13AM,2016-12-31 1:45PM,651,38,5,692,N/A,N/A,N/A
2016-12-30 12:09AM,2016-12-30 7:12AM,398,13,2,422,N/A,N/A,N/A
2016-12-29 12:29AM,2016-12-29 10:26AM,559,37,3,596,N/A,N/A,N/A
2016-12-28 1:30AM,2016-12-28 10:00AM,474,35,3,509,N/A,N/A,N/A
2016-12-27 1:35PM,2016-12-27 4:49PM,181,13,2,194,N/A,N/A,N/A
2016-12-26 8:57PM,2016-12-27 6:24AM,538,29,1,567,N/A,N/A,N/A
2016-12-23 1:12AM,2016-12-23 10:48AM,529,47,3,576,N/A,N/A,N/A
2016-12-21 12:06AM,2016-12-21 8:28AM,452,50,5,502,N/A,N/A,N/A
2016-12-20 12:58AM,2016-12-20 8:38AM,424,36,2,460,N/A,N/A,N/A
2016-12-19 12:17AM,2016-12-19 9:37AM,527,32,1,560,N/A,N/A,N/A
2016-12-17 11:55PM,2016-12-18 10:05AM,530,80,5,610,N/A,N/A,N/A
2016-12-16 11:06PM,2016-12-17 12:29PM,678,100,4,803,N/A,N/A,N/A
2016-12-16 2:05AM,2016-12-16 7:59AM,335,19,1,354,N/A,N/A,N/A
2016-12-14 11:50PM,2016-12-15 7:43AM,449,23,2,473,N/A,N/A,N/A
2016-12-14 12:10AM,2016-12-14 7:50AM,429,31,3,460,N/A,N/A,N/A
2016-12-12 11:08PM,2016-12-13 8:33AM,532,33,4,565,N/A,N/A,N/A
2016-12-12 1:05AM,2016-12-12 8:14AM,376,53,5,429,N/A,N/A,N/A
2016-12-11 6:44PM,2016-12-11 8:44PM,112,8,1,120,N/A,N/A,N/A
2016-12-11 3:00AM,2016-12-11 9:30AM,356,34,1,390,N/A,N/A,N/A
2016-12-10 12:22AM,2016-12-10 11:02AM,584,40,5,640,N/A,N/A,N/A
2016-12-08 11:45PM,2016-12-09 2:50PM,817,84,4,905,N/A,N/A,N/A
2016-12-07 11:28PM,2016-12-08 7:53AM,464,40,3,505,N/A,N/A,N/A
2016-12-07 12:26AM,2016-12-07 8:04AM,412,46,3,458,N/A,N/A,N/A
2016-12-06 7:29AM,2016-12-06 8:37AM,61,6,0,67,N/A,N/A,N/A
2016-12-06 12:08AM,2016-12-06 5:35AM,290,36,4,326,N/A,N/A,N/A
2016-12-05 12:32AM,2016-12-05 8:05AM,408,45,3,453,N/A,N/A,N/A
2016-12-04 4:57PM,2016-12-04 7:20PM,131,12,2,143,N/A,N/A,N/A
2016-12-04 1:41AM,2016-12-04 11:19AM,508,68,4,578,N/A,N/A,N/A
2016-12-03 12:34AM,2016-12-03 10:48AM,549,65,3,614,N/A,N/A,N/A
2016-12-02 6:39PM,2016-12-02 9:41PM,162,20,2,182,N/A,N/A,N/A
2016-12-01 10:00PM,2016-12-02 8:34AM,590,42,9,634,N/A,N/A,N/A
2016-11-30 11:28PM,2016-12-01 7:49AM,474,24,3,501,N/A,N/A,N/A
2016-10-31 2:34AM,2016-10-31 7:46AM,288,22,0,312,N/A,N/A,N/A
2016-10-30 1:19AM,2016-10-30 11:05AM,547,38,4,585,N/A,N/A,N/A
2016-10-28 11:50PM,2016-10-29 11:31AM,641,57,4,701,N/A,N/A,N/A
2016-10-28 12:16AM,2016-10-28 7:49AM,433,20,2,453,N/A,N/A,N/A
2016-10-27 12:05AM,2016-10-27 7:58AM,435,38,3,473,N/A,N/A,N/A
2016-10-26 5:24AM,2016-10-26 8:35AM,164,27,1,191,N/A,N/A,N/A
2016-10-25 10:18PM,2016-10-26 4:14AM,329,27,2,356,N/A,N/A,N/A
2016-10-25 12:50AM,2016-10-25 8:23AM,426,26,3,452,N/A,N/A,N/A
2016-10-24 1:28AM,2016-10-24 7:45AM,359,18,1,377,N/A,N/A,N/A
2016-10-23 12:09AM,2016-10-23 8:59AM,485,45,4,530,N/A,N/A,N/A
2016-10-22 12:23AM,2016-10-22 9:10AM,485,42,3,527,N/A,N/A,N/A
2016-10-21 12:22AM,2016-10-21 10:25AM,567,35,2,602,N/A,N/A,N/A
2016-10-20 12:48AM,2016-10-20 8:20AM,403,48,5,451,N/A,N/A,N/A
2016-10-19 1:42AM,2016-10-19 8:24AM,362,39,3,401,N/A,N/A,N/A
2016-10-18 5:52PM,2016-10-18 7:49PM,108,9,1,117,N/A,N/A,N/A
2016-10-17 12:46AM,2016-10-17 7:30AM,375,29,0,404,N/A,N/A,N/A
2016-10-16 1:16AM,2016-10-16 11:14AM,550,48,3,598,N/A,N/A,N/A
2016-10-14 11:49PM,2016-10-15 1:07PM,729,65,3,798,N/A,N/A,N/A
2016-10-14 1:55AM,2016-10-14 8:51AM,391,20,2,416,N/A,N/A,N/A
2016-10-13 2:04AM,2016-10-13 10:45AM,489,32,2,521,N/A,N/A,N/A
2016-10-10 10:58PM,2016-10-11 7:47AM,501,28,1,529,N/A,N/A,N/A
2016-10-09 10:13PM,2016-10-10 8:06AM,560,32,4,593,N/A,N/A,N/A
2016-10-09 12:28AM,2016-10-09 10:50AM,584,38,2,622,N/A,N/A,N/A
2016-10-08 2:27AM,2016-10-08 11:17AM,482,48,3,530,N/A,N/A,N/A
2016-10-07 6:36PM,2016-10-07 8:03PM,80,5,0,87,N/A,N/A,N/A
2016-10-06 9:46PM,2016-10-07 8:21AM,592,40,2,635,N/A,N/A,N/A
2016-10-05 10:57PM,2016-10-06 8:03AM,494,52,2,546,N/A,N/A,N/A
2016-10-05 12:07AM,2016-10-05 7:38AM,435,15,0,451,N/A,N/A,N/A
2016-10-04 6:47PM,2016-10-04 8:39PM,107,5,0,112,N/A,N/A,N/A
2016-10-03 11:58PM,2016-10-04 8:25AM,452,55,5,507,N/A,N/A,N/A
2016-10-02 11:24PM,2016-10-03 7:21AM,446,31,1,477,N/A,N/A,N/A
2016-10-02 12:32AM,2016-10-02 11:55AM,621,61,11,683,N/A,N/A,N/A
2016-09-30 11:55PM,2016-10-01 9:31AM,541,34,0,576,N/A,N/A,N/A
2016-09-29 8:38PM,2016-09-30 8:31AM,627,70,3,713,N/A,N/A,N/A
2016-09-28 10:34PM,2016-09-29 7:53AM,467,79,6,559,N/A,N/A,N/A
2016-09-27 10:31PM,2016-09-28 7:28AM,500,37,2,537,N/A,N/A,N/A
2016-09-27 4:31AM,2016-09-27 8:41AM,216,32,3,250,N/A,N/A,N/A
2016-09-26 9:14PM,2016-09-27 2:40AM,292,34,3,326,N/A,N/A,N/A
2016-09-26 7:43AM,2016-09-26 10:37AM,164,10,2,174,N/A,N/A,N/A
2016-09-25 11:34PM,2016-09-26 3:50AM,234,22,1,256,N/A,N/A,N/A
2016-09-25 1:31AM,2016-09-25 11:18AM,544,39,4,587,N/A,N/A,N/A
2016-09-24 1:44AM,2016-09-24 11:13AM,490,68,6,569,N/A,N/A,N/A
2016-09-22 11:53PM,2016-09-23 8:19AM,471,34,2,505,N/A,N/A,N/A
2016-09-22 12:49AM,2016-09-22 8:02AM,388,36,2,433,N/A,N/A,N/A
2016-09-21 2:17AM,2016-09-21 9:57AM,417,43,3,460,N/A,N/A,N/A
2016-09-20 8:13AM,2016-09-20 2:46PM,393,0,0,393,N/A,N/A,N/A
2016-09-04 1:29AM,2016-09-04 10:03AM,478,36,2,514,N/A,N/A,N/A
2016-09-01 11:16PM,2016-09-02 7:52AM,464,51,2,515,N/A,N/A,N/A
2016-09-01 12:16AM,2016-09-01 7:53AM,412,41,2,457,N/A,N/A,N/A
2016-08-30 11:55PM,2016-08-31 1:33AM,86,12,2,98,N/A,N/A,N/A
2016-08-29 11:08PM,2016-08-30 7:25AM,443,54,4,497,N/A,N/A,N/A
2016-08-29 1:36AM,2016-08-29 8:19AM,354,49,3,403,N/A,N/A,N/A
2016-08-28 2:45AM,2016-08-28 10:48AM,449,34,2,483,N/A,N/A,N/A
2016-08-27 12:28AM,2016-08-27 10:31AM,582,20,2,602,N/A,N/A,N/A
2016-08-26 3:45AM,2016-08-26 4:09AM,23,0,0,23,N/A,N/A,N/A
2016-08-26 3:05AM,2016-08-26 3:27AM,20,0,0,21,N/A,N/A,N/A
2016-08-26 2:33AM,2016-08-26 2:49AM,10,0,0,15,N/A,N/A,N/A
2016-08-24 10:38PM,2016-08-25 7:39AM,525,15,1,541,N/A,N/A,N/A
2016-08-23 10:50PM,2016-08-24 7:42AM,502,27,2,532,N/A,N/A,N/A
2016-08-22 11:30PM,2016-08-23 8:12AM,479,43,4,522,N/A,N/A,N/A
2016-08-21 11:13PM,2016-08-22 8:01AM,510,18,1,528,N/A,N/A,N/A
2016-08-21 12:39AM,2016-08-21 11:07AM,573,55,2,628,N/A,N/A,N/A
2016-08-20 1:39AM,2016-08-20 10:16AM,444,65,8,517,N/A,N/A,N/A
2016-08-18 10:48PM,2016-08-19 7:59AM,507,38,4,551,N/A,N/A,N/A
2016-08-17 10:14PM,2016-08-18 8:02AM,544,44,3,588,N/A,N/A,N/A
2016-08-17 12:02AM,2016-08-17 8:12AM,447,43,6,490,N/A,N/A,N/A
2016-08-15 11:13PM,2016-08-16 7:58AM,474,51,5,525,N/A,N/A,N/A
2016-08-14 11:32PM,2016-08-15 7:49AM,466,31,3,497,N/A,N/A,N/A
2016-08-14 2:02AM,2016-08-14 10:45AM,476,47,3,523,N/A,N/A,N/A
2016-08-13 5:33PM,2016-08-13 8:43PM,174,16,1,190,N/A,N/A,N/A
2016-08-13 12:54AM,2016-08-13 10:13AM,527,32,3,559,N/A,N/A,N/A
2016-08-11 9:06PM,2016-08-12 7:37AM,594,36,2,631,N/A,N/A,N/A
2016-08-11 1:21AM,2016-08-11 8:29AM,388,39,4,427,N/A,N/A,N/A
2016-08-09 11:21PM,2016-08-10 2:54AM,196,17,1,213,N/A,N/A,N/A
2016-08-08 11:36PM,2016-08-09 8:04AM,482,25,1,508,N/A,N/A,N/A
2016-08-08 12:25AM,2016-08-08 7:56AM,407,43,3,450,N/A,N/A,N/A
2016-08-07 2:02AM,2016-08-07 6:18AM,242,14,0,256,N/A,N/A,N/A
2016-08-06 6:09PM,2016-08-06 7:38PM,78,11,1,89,N/A,N/A,N/A
2016-08-06 1:26AM,2016-08-06 9:57AM,490,20,2,510,N/A,N/A,N/A
2016-08-04 11:48PM,2016-08-05 7:59AM,460,30,3,490,N/A,N/A,N/A
2016-08-03 11:05PM,2016-08-04 8:02AM,493,44,3,537,N/A,N/A,N/A
2016-08-02 11:43PM,2016-08-03 11:08AM,630,55,3,685,N/A,N/A,N/A
2016-08-01 11:01PM,2016-08-02 7:47AM,487,39,2,526,N/A,N/A,N/A
2016-07-31 12:43AM,2016-07-31 11:36AM,610,42,3,653,N/A,N/A,N/A
2016-07-30 12:44AM,2016-07-30 8:52AM,460,28,2,488,N/A,N/A,N/A
2016-07-29 12:12AM,2016-07-29 7:47AM,410,45,2,455,N/A,N/A,N/A
2016-07-28 12:42AM,2016-07-28 8:04AM,411,31,1,442,N/A,N/A,N/A
2016-07-27 4:15PM,2016-07-27 6:32PM,135,2,0,137,N/A,N/A,N/A
2016-07-26 11:30PM,2016-07-27 7:39AM,459,29,2,488,N/A,N/A,N/A
2016-07-25 10:55PM,2016-07-26 7:43AM,490,37,1,528,N/A,N/A,N/A
2016-07-22 11:51PM,2016-07-23 9:09AM,532,26,2,558,N/A,N/A,N/A
2016-07-21 11:13PM,2016-07-22 8:24AM,503,48,2,551,N/A,N/A,N/A
2016-07-20 11:22PM,2016-07-21 8:14AM,480,51,2,531,N/A,N/A,N/A
2016-07-19 10:44PM,2016-07-20 7:40AM,506,30,2,536,N/A,N/A,N/A
2016-07-18 11:35PM,2016-07-19 7:48AM,446,47,5,493,N/A,N/A,N/A
2016-07-17 10:29PM,2016-07-18 7:38AM,517,32,3,549,N/A,N/A,N/A
2016-07-16 11:15PM,2016-07-17 9:37AM,546,76,5,622,N/A,N/A,N/A
2016-07-16 12:12AM,2016-07-16 9:36AM,527,37,1,564,N/A,N/A,N/A
2016-07-15 12:30AM,2016-07-15 7:47AM,388,49,2,437,N/A,N/A,N/A
2016-07-14 5:07PM,2016-07-14 10:10PM,284,19,1,303,N/A,N/A,N/A
2016-07-14 3:26AM,2016-07-14 6:11AM,133,32,3,165,N/A,N/A,N/A
2016-07-13 12:49AM,2016-07-13 8:17AM,413,35,2,448,N/A,N/A,N/A
2016-07-12 12:11AM,2016-07-12 8:17AM,464,21,1,486,N/A,N/A,N/A
2016-07-11 3:38AM,2016-07-11 8:02AM,233,31,3,264,N/A,N/A,N/A
2016-07-10 11:29PM,2016-07-11 2:05AM,147,9,1,156,N/A,N/A,N/A
2016-07-10 12:46AM,2016-07-10 2:16AM,83,6,1,89,N/A,N/A,N/A
2016-07-08 11:19PM,2016-07-09 6:55AM,420,36,3,456,N/A,N/A,N/A
2016-07-07 11:55PM,2016-07-08 8:13AM,453,44,2,498,N/A,N/A,N/A
2016-07-06 11:51PM,2016-07-07 8:27AM,470,46,4,516,N/A,N/A,N/A
2016-07-05 11:25PM,2016-07-06 7:42AM,467,30,2,497,N/A,N/A,N/A
2016-07-05 12:34AM,2016-07-05 8:04AM,404,38,5,450,N/A,N/A,N/A
2016-07-04 12:03AM,2016-07-04 8:02AM,444,28,2,479,N/A,N/A,N/A
2016-07-02 11:55PM,2016-07-03 9:58AM,553,50,0,603,N/A,N/A,N/A
2016-07-01 9:27PM,2016-07-02 8:30AM,628,35,2,663,N/A,N/A,N/A
2016-06-30 10:56PM,2016-07-01 7:56AM,511,27,4,540,N/A,N/A,N/A
2016-06-29 11:13PM,2016-06-30 7:47AM,476,37,1,513,N/A,N/A,N/A
2016-06-28 11:12PM,2016-06-29 8:10AM,498,40,4,538,N/A,N/A,N/A
2016-06-28 12:06AM,2016-06-28 7:48AM,425,37,5,462,N/A,N/A,N/A
2016-06-26 11:46PM,2016-06-27 7:47AM,457,22,1,480,N/A,N/A,N/A
2016-06-26 5:04PM,2016-06-26 6:23PM,78,1,0,79,N/A,N/A,N/A
2016-06-25 11:27PM,2016-06-26 10:36AM,615,54,3,669,N/A,N/A,N/A
2016-06-24 11:48PM,2016-06-25 8:14AM,455,51,2,506,N/A,N/A,N/A
2016-06-23 6:37PM,2016-06-24 3:45AM,511,37,1,548,N/A,N/A,N/A
2016-06-22 11:37PM,2016-06-23 4:57AM,296,24,1,320,N/A,N/A,N/A
2016-06-22 12:13AM,2016-06-22 7:41AM,413,35,1,448,N/A,N/A,N/A
2016-06-20 10:20PM,2016-06-21 7:29AM,507,42,2,549,N/A,N/A,N/A
2016-06-20 12:11AM,2016-06-20 7:42AM,430,21,2,451,N/A,N/A,N/A
2016-06-19 1:01AM,2016-06-19 10:04AM,508,35,3,543,N/A,N/A,N/A
2016-06-18 12:12AM,2016-06-18 10:10AM,569,29,2,598,N/A,N/A,N/A
2016-06-17 12:16PM,2016-06-17 12:31PM,15,0,0,15,N/A,N/A,N/A
2016-06-17 12:05PM,2016-06-17 12:15PM,10,0,0,10,N/A,N/A,N/A
2016-06-17 10:34AM,2016-06-17 12:05PM,91,0,0,91,N/A,N/A,N/A
2016-06-13 1:00PM,2016-06-13 3:23PM,131,12,1,143,N/A,N/A,N/A
2016-06-13 12:03AM,2016-06-13 8:37AM,439,73,5,514,N/A,N/A,N/A
2016-06-12 3:33PM,2016-06-12 6:35PM,170,12,2,182,N/A,N/A,N/A
2016-06-12 12:46AM,2016-06-12 10:32AM,494,85,6,586,N/A,N/A,N/A
2016-06-11 12:31AM,2016-06-11 10:30AM,543,46,6,599,N/A,N/A,N/A
2016-06-07 11:09PM,2016-06-08 7:26AM,453,44,3,497,N/A,N/A,N/A
2016-06-04 12:28AM,2016-06-04 5:48AM,308,12,0,320,N/A,N/A,N/A
2016-06-03 8:17PM,2016-06-03 9:22PM,63,2,0,65,N/A,N/A,N/A
2016-06-01 11:35PM,2016-06-02 8:16AM,486,35,2,521,N/A,N/A,N/A
2016-06-01 12:12AM,2016-06-01 7:34AM,431,11,1,442,N/A,N/A,N/A
2016-05-31 5:12PM,2016-05-31 6:12PM,58,2,0,60,N/A,N/A,N/A
2016-05-31 2:07AM,2016-05-31 10:01AM,450,24,2,474,N/A,N/A,N/A
2016-05-30 1:07AM,2016-05-30 2:48AM,97,4,1,101,N/A,N/A,N/A
2016-05-29 12:44PM,2016-05-29 1:48PM,60,4,0,64,N/A,N/A,N/A
2016-05-29 1:01AM,2016-05-29 8:58AM,438,38,3,477,N/A,N/A,N/A
2016-05-27 11:54PM,2016-05-28 9:07AM,519,33,2,552,N/A,N/A,N/A
2016-05-27 3:43PM,2016-05-27 5:33PM,101,9,1,110,N/A,N/A,N/A
2016-05-26 11:15PM,2016-05-27 8:08AM,504,28,1,533,N/A,N/A,N/A
2016-05-25 10:51PM,2016-05-26 8:14AM,481,82,8,563,N/A,N/A,N/A
2016-05-23 10:56PM,2016-05-24 8:07AM,521,30,0,551,N/A,N/A,N/A
2016-05-22 11:02PM,2016-05-23 8:05AM,497,41,3,543,N/A,N/A,N/A
2016-05-22 12:24AM,2016-05-22 10:49AM,568,52,1,625,N/A,N/A,N/A
2016-05-21 12:11AM,2016-05-21 11:18AM,621,46,2,667,N/A,N/A,N/A
2016-05-19 11:52PM,2016-05-20 7:39AM,454,13,1,467,N/A,N/A,N/A
2016-05-18 11:50PM,2016-05-19 8:07AM,470,27,1,497,N/A,N/A,N/A
2016-05-17 11:48PM,2016-05-18 7:38AM,440,30,2,470,N/A,N/A,N/A
2016-05-16 10:50PM,2016-05-17 7:47AM,504,33,2,537,N/A,N/A,N/A
2016-05-15 11:40PM,2016-05-16 7:36AM,446,30,2,476,N/A,N/A,N/A
2016-05-15 12:58AM,2016-05-15 11:14AM,594,21,0,615,N/A,N/A,N/A
2016-05-14 1:53AM,2016-05-14 9:35AM,419,43,2,462,N/A,N/A,N/A
2016-05-12 10:22PM,2016-05-13 7:16AM,488,44,5,534,N/A,N/A,N/A
2016-05-11 8:13PM,2016-05-11 11:27PM,178,15,3,193,N/A,N/A,N/A
2016-05-11 1:17AM,2016-05-11 7:59AM,386,14,1,402,N/A,N/A,N/A
2016-05-10 4:24PM,2016-05-10 6:28PM,112,12,1,124,N/A,N/A,N/A
2016-05-09 11:52PM,2016-05-10 6:47AM,392,23,1,415,N/A,N/A,N/A
2016-05-08 11:31PM,2016-05-09 7:50AM,461,38,2,499,N/A,N/A,N/A
2016-05-08 1:53AM,2016-05-08 9:08AM,402,28,3,435,N/A,N/A,N/A
2016-05-07 7:27PM,2016-05-07 9:03PM,92,4,0,96,N/A,N/A,N/A
2016-05-06 10:44PM,2016-05-07 8:42AM,546,52,5,598,N/A,N/A,N/A
2016-05-06 9:46AM,2016-05-06 11:17AM,80,11,2,91,N/A,N/A,N/A
2016-05-05 10:39PM,2016-05-06 5:45AM,410,16,1,426,N/A,N/A,N/A
2016-05-04 11:59PM,2016-05-05 7:44AM,443,21,2,465,N/A,N/A,N/A
2016-05-03 9:53PM,2016-05-04 7:32AM,542,37,4,579,N/A,N/A,N/A
2016-05-02 10:15PM,2016-05-03 5:58AM,437,26,2,463,N/A,N/A,N/A
2016-05-01 11:49PM,2016-05-02 7:26AM,429,22,1,456,N/A,N/A,N/A
2016-05-01 3:05PM,2016-05-01 5:42PM,150,7,1,157,N/A,N/A,N/A
2016-04-30 11:17PM,2016-05-01 8:57AM,547,33,3,580,N/A,N/A,N/A
2016-04-29 10:26PM,2016-04-30 8:39AM,591,22,0,613,N/A,N/A,N/A
2016-04-29 12:48AM,2016-04-29 7:36AM,389,19,2,408,N/A,N/A,N/A
2016-04-28 7:09PM,2016-04-28 8:59PM,93,17,2,110,N/A,N/A,N/A
2016-04-27 12:01AM,2016-04-27 7:52AM,441,30,2,471,N/A,N/A,N/A
2016-04-25 10:40PM,2016-04-26 7:49AM,501,48,4,549,N/A,N/A,N/A
2016-04-25 12:06AM,2016-04-25 7:43AM,432,25,2,457,N/A,N/A,N/A
2016-04-24 4:48PM,2016-04-24 7:38PM,161,5,2,170,N/A,N/A,N/A
2016-04-24 12:59AM,2016-04-24 10:54AM,549,46,2,595,N/A,N/A,N/A
2016-04-21 10:57PM,2016-04-22 7:20AM,473,30,1,503,N/A,N/A,N/A
2016-04-20 10:53PM,2016-04-21 8:29AM,553,23,2,576,N/A,N/A,N/A
2016-04-20 12:28AM,2016-04-20 8:00AM,421,31,2,452,N/A,N/A,N/A
2016-04-18 11:27PM,2016-04-19 7:31AM,443,41,2,484,N/A,N/A,N/A
2016-04-18 12:13AM,2016-04-18 8:25AM,462,26,1,492,N/A,N/A,N/A
2016-04-17 12:54AM,2016-04-17 11:46AM,622,29,2,651,N/A,N/A,N/A
2016-04-16 6:15AM,2016-04-16 11:02AM,274,13,1,287,N/A,N/A,N/A
2016-04-16 2:23AM,2016-04-16 6:12AM,219,10,1,229,N/A,N/A,N/A
2016-04-16 1:13AM,2016-04-16 2:21AM,66,2,1,68,N/A,N/A,N/A
2016-04-15 6:12AM,2016-04-15 8:13AM,114,7,0,121,N/A,N/A,N/A
2016-04-14 12:15AM,2016-04-14 8:16AM,454,27,2,481,N/A,N/A,N/A
2016-04-12 10:42PM,2016-04-13 7:19AM,476,41,3,517,N/A,N/A,N/A
2016-04-12 12:08AM,2016-04-12 7:45AM,435,21,2,456,N/A,N/A,N/A
2016-04-11 8:24AM,2016-04-11 10:54AM,136,14,1,150,N/A,N/A,N/A
2016-04-11 4:00AM,2016-04-11 8:10AM,223,27,2,250,N/A,N/A,N/A
2016-04-10 11:14PM,2016-04-11 3:57AM,252,25,3,283,N/A,N/A,N/A
2016-04-10 1:18PM,2016-04-10 2:36PM,71,7,1,78,N/A,N/A,N/A
2016-04-09 11:52PM,2016-04-10 9:00AM,511,31,3,548,N/A,N/A,N/A
2016-04-08 11:49PM,2016-04-09 9:44AM,548,34,3,595,N/A,N/A,N/A
2016-04-08 12:13AM,2016-04-08 8:23AM,463,27,3,490,N/A,N/A,N/A
2016-04-06 8:55PM,2016-04-07 7:34AM,605,34,3,639,N/A,N/A,N/A
2016-04-05 11:22PM,2016-04-06 8:31AM,517,32,2,549,N/A,N/A,N/A
2016-04-04 12:11AM,2016-04-04 7:46AM,415,40,3,455,N/A,N/A,N/A
2016-04-03 3:41PM,2016-04-03 6:42PM,174,7,1,181,N/A,N/A,N/A
2016-04-03 12:06AM,2016-04-03 8:51AM,491,34,2,525,N/A,N/A,N/A
2016-04-02 3:20PM,2016-04-02 6:23PM,162,21,3,183,N/A,N/A,N/A
2016-04-01 11:34PM,2016-04-02 8:56AM,538,23,1,562,N/A,N/A,N/A
2016-04-01 4:20AM,2016-04-01 8:52AM,248,23,2,272,N/A,N/A,N/A
2016-03-30 12:22AM,2016-03-30 7:58AM,426,30,1,456,N/A,N/A,N/A
2016-03-28 11:03PM,2016-03-29 7:55AM,494,38,3,532,N/A,N/A,N/A
2016-03-27 11:41PM,2016-03-28 8:45AM,500,44,4,544,N/A,N/A,N/A
2016-03-27 2:35PM,2016-03-27 4:06PM,82,9,0,91,N/A,N/A,N/A
2016-03-27 3:10AM,2016-03-27 9:00AM,331,14,1,350,N/A,N/A,N/A
2016-03-26 12:27AM,2016-03-26 8:28AM,454,27,1,481,N/A,N/A,N/A
2016-03-25 1:36AM,2016-03-25 10:11AM,482,33,3,515,N/A,N/A,N/A
2016-03-24 12:42AM,2016-03-24 8:08AM,427,19,1,446,N/A,N/A,N/A
2016-03-22 10:13PM,2016-03-23 8:05AM,579,13,0,592,N/A,N/A,N/A
2016-03-22 5:10AM,2016-03-22 8:48AM,191,27,2,218,N/A,N/A,N/A
2016-03-21 12:26AM,2016-03-21 8:28AM,452,29,2,481,N/A,N/A,N/A
2016-03-20 10:37AM,2016-03-20 1:14PM,140,12,1,157,N/A,N/A,N/A
2016-03-20 12:35AM,2016-03-20 9:51AM,525,23,3,556,N/A,N/A,N/A
2016-03-18 10:38PM,2016-03-19 10:40AM,671,51,2,722,N/A,N/A,N/A
2016-03-18 6:00AM,2016-03-18 7:00AM,57,3,1,60,N/A,N/A,N/A
2016-03-17 10:35PM,2016-03-18 3:50AM,282,33,1,315,N/A,N/A,N/A
2016-03-16 11:35PM,2016-03-17 7:47AM,453,39,3,492,N/A,N/A,N/A
2016-03-16 12:33AM,2016-03-16 6:56AM,362,18,1,382,N/A,N/A,N/A
2016-03-15 3:30PM,2016-03-15 5:06PM,86,10,1,96,N/A,N/A,N/A
2016-03-14 9:15PM,2016-03-15 7:45AM,624,4,0,630,N/A,N/A,N/A
2016-03-13 11:34PM,2016-03-14 1:11AM,84,13,1,97,N/A,N/A,N/A
2016-03-13 12:15PM,2016-03-13 2:42PM,133,14,1,147,N/A,N/A,N/A
2016-03-13 12:33AM,2016-03-13 8:10AM,427,30,3,457,N/A,N/A,N/A
2016-03-11 11:32PM,2016-03-12 9:42AM,579,26,1,610,N/A,N/A,N/A
2016-03-10 11:44PM,2016-03-11 9:11AM,538,29,3,567,N/A,N/A,N/A
2016-03-08 11:25PM,2016-03-09 7:46AM,478,23,1,501,N/A,N/A,N/A
2016-03-07 11:52PM,2016-03-08 7:48AM,456,19,1,475,N/A,N/A,N/A
2016-03-06 11:58PM,2016-03-07 7:32AM,432,22,2,454,N/A,N/A,N/A
2016-03-06 1:28PM,2016-03-06 5:01PM,200,13,1,213,N/A,N/A,N/A
2016-03-06 12:54AM,2016-03-06 8:53AM,454,24,1,479,N/A,N/A,N/A
2016-03-05 4:10PM,2016-03-05 5:15PM,61,4,0,65,N/A,N/A,N/A
2016-03-04 10:48PM,2016-03-05 8:06AM,544,9,1,558,N/A,N/A,N/A
2016-03-03 11:49PM,2016-03-04 7:41AM,442,30,2,472,N/A,N/A,N/A
2016-03-03 12:12AM,2016-03-03 8:02AM,438,32,4,470,N/A,N/A,N/A
2016-03-01 11:50PM,2016-03-02 7:27AM,432,24,1,457,N/A,N/A,N/A
2016-02-29 10:30PM,2016-03-01 7:55AM,538,26,1,564,N/A,N/A,N/A
2016-02-29 2:00AM,2016-02-29 7:31AM,326,5,0,331,N/A,N/A,N/A
2016-02-28 4:08PM,2016-02-28 7:02PM,165,9,1,174,N/A,N/A,N/A
2016-02-28 1:39AM,2016-02-28 8:57AM,420,10,2,438,N/A,N/A,N/A
2016-02-27 3:17PM,2016-02-27 6:03PM,165,1,0,166,N/A,N/A,N/A
2016-02-26 10:39PM,2016-02-27 9:14AM,591,44,4,635,N/A,N/A,N/A
2016-02-25 8:59PM,2016-02-26 6:16AM,520,37,4,557,N/A,N/A,N/A
2016-02-24 11:55PM,2016-02-25 7:53AM,457,21,1,478,N/A,N/A,N/A
2016-02-23 10:36PM,2016-02-24 7:48AM,523,29,3,552,N/A,N/A,N/A
2016-02-23 12:27AM,2016-02-23 7:39AM,413,18,2,432,N/A,N/A,N/A
2016-02-21 5:58PM,2016-02-21 8:22PM,122,21,2,144,N/A,N/A,N/A
2016-02-21 2:40AM,2016-02-21 10:26AM,436,30,3,466,N/A,N/A,N/A
2016-02-19 11:39PM,2016-02-20 7:40AM,470,11,0,481,N/A,N/A,N/A
2016-02-18 11:26PM,2016-02-19 7:53AM,466,41,4,507,N/A,N/A,N/A
2016-02-17 11:14PM,2016-02-18 7:30AM,477,13,1,496,N/A,N/A,N/A
2016-02-17 5:18AM,2016-02-17 8:26AM,170,11,2,188,N/A,N/A,N/A
2016-02-16 10:51PM,2016-02-17 3:03AM,231,21,2,252,N/A,N/A,N/A
2016-02-15 11:46PM,2016-02-16 8:20AM,468,46,7,514,N/A,N/A,N/A
2016-02-15 4:25PM,2016-02-15 7:17PM,162,10,1,172,N/A,N/A,N/A
2016-02-14 11:33PM,2016-02-15 9:35AM,575,26,1,601,N/A,N/A,N/A
2016-02-13 11:38PM,2016-02-14 8:53AM,516,38,4,554,N/A,N/A,N/A
2016-02-13 12:59AM,2016-02-13 10:22AM,522,41,4,563,N/A,N/A,N/A
2016-02-11 10:55PM,2016-02-12 7:56AM,508,32,1,541,N/A,N/A,N/A
2016-02-10 11:43PM,2016-02-11 8:17AM,493,21,4,514,N/A,N/A,N/A
2016-02-09 11:18PM,2016-02-10 8:26AM,506,42,3,548,N/A,N/A,N/A
2016-02-09 5:26PM,2016-02-09 6:37PM,64,7,0,71,N/A,N/A,N/A
2016-02-08 9:23PM,2016-02-09 3:51AM,373,15,1,388,N/A,N/A,N/A
2016-02-08 1:46AM,2016-02-08 7:59AM,352,21,2,373,N/A,N/A,N/A
2016-02-07 3:31PM,2016-02-07 6:53PM,185,10,2,202,N/A,N/A,N/A
2016-02-07 12:28AM,2016-02-07 9:02AM,486,28,1,514,N/A,N/A,N/A
2016-02-05 1:08AM,2016-02-05 8:06AM,393,25,2,418,N/A,N/A,N/A
2016-02-03 11:01PM,2016-02-04 7:31AM,502,8,1,510,N/A,N/A,N/A
2016-02-02 10:26PM,2016-02-03 7:50AM,514,49,3,564,N/A,N/A,N/A
2016-02-02 12:10AM,2016-02-02 7:44AM,437,16,0,454,N/A,N/A,N/A
2016-02-01 1:33AM,2016-02-01 8:03AM,366,23,2,389,N/A,N/A,N/A
2016-01-31 12:03AM,2016-01-31 9:48AM,543,42,2,585,N/A,N/A,N/A
2016-01-30 12:22AM,2016-01-30 9:32AM,525,24,1,549,N/A,N/A,N/A
2016-01-28 11:04PM,2016-01-29 7:26AM,467,35,4,502,N/A,N/A,N/A
2016-01-26 11:46PM,2016-01-27 7:39AM,452,20,1,473,N/A,N/A,N/A
2016-01-26 1:21AM,2016-01-26 8:13AM,376,35,4,412,N/A,N/A,N/A
2016-01-24 10:33PM,2016-01-25 7:46AM,518,25,3,553,N/A,N/A,N/A
2016-01-24 6:54AM,2016-01-24 8:55AM,112,6,0,121,N/A,N/A,N/A
2016-01-24 3:05AM,2016-01-24 6:53AM,203,25,2,228,N/A,N/A,N/A
2016-01-24 1:20AM,2016-01-24 2:32AM,70,2,0,72,N/A,N/A,N/A
2016-01-23 3:33PM,2016-01-23 8:05PM,260,9,1,272,N/A,N/A,N/A
2016-01-22 10:27PM,2016-01-23 6:45AM,466,32,0,498,N/A,N/A,N/A
2016-01-21 7:04AM,2016-01-21 8:15AM,61,10,0,71,N/A,N/A,N/A
2016-01-20 11:16PM,2016-01-21 7:03AM,425,42,2,467,N/A,N/A,N/A
2016-01-20 12:14AM,2016-01-20 7:50AM,430,23,2,456,N/A,N/A,N/A
2016-01-19 12:03AM,2016-01-19 8:01AM,446,32,4,478,N/A,N/A,N/A
2016-01-18 1:16PM,2016-01-18 4:04PM,157,11,1,168,N/A,N/A,N/A
2016-01-17 11:48PM,2016-01-18 8:54AM,520,26,1,546,N/A,N/A,N/A
2016-01-17 1:45AM,2016-01-17 8:54AM,420,9,0,429,N/A,N/A,N/A
2016-01-16 12:17AM,2016-01-16 9:01AM,489,26,2,524,N/A,N/A,N/A
2016-01-14 11:05PM,2016-01-15 6:24AM,422,13,1,439,N/A,N/A,N/A
2016-01-14 2:59AM,2016-01-14 8:27AM,300,28,5,328,N/A,N/A,N/A
2016-01-14 1:36AM,2016-01-14 2:51AM,66,5,2,75,N/A,N/A,N/A
2016-01-12 11:19PM,2016-01-13 8:08AM,506,23,2,529,N/A,N/A,N/A
2016-01-11 11:18PM,2016-01-12 6:35AM,416,21,1,437,N/A,N/A,N/A
2016-01-10 3:54PM,2016-01-10 6:25PM,134,16,1,151,N/A,N/A,N/A
2016-01-10 1:26AM,2016-01-10 9:17AM,440,31,2,471,N/A,N/A,N/A
2016-01-09 12:49AM,2016-01-09 10:16AM,536,31,3,567,N/A,N/A,N/A
2016-01-07 11:27PM,2016-01-08 7:33AM,439,47,5,486,N/A,N/A,N/A
2016-01-06 7:57PM,2016-01-07 7:00AM,649,14,2,663,N/A,N/A,N/A
2016-01-06 12:09AM,2016-01-06 8:14AM,461,24,4,485,N/A,N/A,N/A
2016-01-05 12:17AM,2016-01-05 7:49AM,433,10,2,452,N/A,N/A,N/A
2016-01-04 12:53AM,2016-01-04 7:44AM,386,25,2,411,N/A,N/A,N/A
2016-01-03 2:57PM,2016-01-03 5:09PM,115,15,1,132,N/A,N/A,N/A
2016-01-03 12:53AM,2016-01-03 8:58AM,416,69,4,485,N/A,N/A,N/A
2016-01-02 12:44AM,2016-01-02 10:44AM,596,4,0,600,N/A,N/A,N/A
2015-12-31 10:23AM,2015-12-31 1:22PM,169,10,3,179,N/A,N/A,N/A
2015-12-31 12:06AM,2015-12-31 9:34AM,553,15,2,568,N/A,N/A,N/A
2015-12-30 1:47AM,2015-12-30 7:28AM,329,12,2,341,N/A,N/A,N/A
2015-12-28 10:13PM,2015-12-29 8:35AM,565,57,4,622,N/A,N/A,N/A
2015-12-28 12:58AM,2015-12-28 8:09AM,402,29,3,431,N/A,N/A,N/A
2015-12-26 12:42AM,2015-12-26 8:33AM,448,23,2,471,N/A,N/A,N/A
2015-12-25 2:10PM,2015-12-25 3:57PM,100,6,1,106,N/A,N/A,N/A
2015-12-25 1:31AM,2015-12-25 9:07AM,420,36,3,456,N/A,N/A,N/A
2015-12-23 11:29PM,2015-12-24 7:59AM,474,35,3,509,N/A,N/A,N/A
2015-12-23 12:02AM,2015-12-23 7:51AM,436,32,2,469,N/A,N/A,N/A
2015-12-22 3:55PM,2015-12-22 6:04PM,115,14,1,129,N/A,N/A,N/A
2015-12-21 11:13PM,2015-12-22 7:49AM,462,54,5,516,N/A,N/A,N/A
2015-12-20 4:04PM,2015-12-20 6:21PM,125,11,0,136,N/A,N/A,N/A
2015-12-19 11:50PM,2015-12-20 8:47AM,515,21,1,536,N/A,N/A,N/A
2015-12-19 1:51AM,2015-12-19 10:11AM,482,17,1,499,N/A,N/A,N/A
2015-12-17 9:14PM,2015-12-18 7:26AM,579,31,1,612,N/A,N/A,N/A
2015-12-17 12:12AM,2015-12-17 7:22AM,403,27,3,430,N/A,N/A,N/A
2015-12-15 11:20PM,2015-12-16 5:16AM,336,20,1,356,N/A,N/A,N/A
2015-12-14 10:44PM,2015-12-15 7:16AM,495,17,2,512,N/A,N/A,N/A
2015-12-14 1:05AM,2015-12-14 6:52AM,311,36,4,347,N/A,N/A,N/A
2015-12-13 3:58PM,2015-12-13 7:02PM,172,12,2,184,N/A,N/A,N/A
2015-12-12 1:02AM,2015-12-12 8:25AM,434,8,0,443,N/A,N/A,N/A
2015-12-10 10:03PM,2015-12-11 7:42AM,547,31,2,578,N/A,N/A,N/A
2015-12-09 11:21PM,2015-12-10 8:34AM,499,52,3,553,N/A,N/A,N/A
2015-12-08 11:21PM,2015-12-09 8:50AM,539,30,2,569,N/A,N/A,N/A
2015-12-08 12:49AM,2015-12-08 8:27AM,404,54,5,458,N/A,N/A,N/A
2015-12-05 12:05AM,2015-12-05 8:31AM,474,32,2,506,N/A,N/A,N/A
2015-12-04 12:25AM,2015-12-04 9:00AM,470,44,5,515,N/A,N/A,N/A
2015-12-02 11:49PM,2015-12-03 7:14AM,436,9,0,445,N/A,N/A,N/A
2015-12-02 12:21AM,2015-12-02 7:51AM,414,36,3,450,N/A,N/A,N/A
2015-12-01 12:51AM,2015-12-01 8:10AM,417,21,1,439,N/A,N/A,N/A
2015-11-30 12:01AM,2015-11-30 1:38AM,89,8,3,97,N/A,N/A,N/A
2015-11-29 5:05PM,2015-11-29 8:34PM,187,22,1,209,N/A,N/A,N/A
2015-11-29 1:05AM,2015-11-29 8:43AM,452,5,1,458,N/A,N/A,N/A
2015-11-28 12:28AM,2015-11-28 7:07AM,382,17,1,399,N/A,N/A,N/A
2015-11-27 12:46AM,2015-11-27 9:00AM,474,19,1,494,N/A,N/A,N/A
2015-11-26 12:55AM,2015-11-26 9:17AM,480,22,1,502,N/A,N/A,N/A
2015-11-24 11:14PM,2015-11-25 7:45AM,477,34,3,511,N/A,N/A,N/A
2015-11-23 11:05PM,2015-11-24 8:08AM,519,24,2,543,N/A,N/A,N/A
2015-11-22 11:35PM,2015-11-23 6:44AM,403,26,2,429,N/A,N/A,N/A
2015-11-22 12:15AM,2015-11-22 8:57AM,504,18,1,522,N/A,N/A,N/A
2015-11-21 12:45AM,2015-11-21 10:22AM,549,27,1,577,N/A,N/A,N/A
2015-11-20 7:10PM,2015-11-20 8:37PM,84,2,0,86,N/A,N/A,N/A
2015-11-20 1:57AM,2015-11-20 8:49AM,391,20,2,412,N/A,N/A,N/A
2015-11-19 12:17AM,2015-11-19 9:07AM,491,39,2,530,N/A,N/A,N/A
2015-11-18 12:46AM,2015-11-18 8:40AM,436,37,3,473,N/A,N/A,N/A
2015-11-15 11:44PM,2015-11-16 6:49AM,408,14,2,424,N/A,N/A,N/A
2015-11-14 11:52PM,2015-11-15 6:34AM,378,24,2,402,N/A,N/A,N/A
2015-11-14 3:38PM,2015-11-14 5:10PM,84,8,1,92,N/A,N/A,N/A
2015-11-14 1:52AM,2015-11-14 9:44AM,449,23,2,472,N/A,N/A,N/A
2015-11-12 11:21PM,2015-11-13 7:33AM,477,13,1,492,N/A,N/A,N/A
2015-11-12 1:29PM,2015-11-12 4:01PM,143,9,1,152,N/A,N/A,N/A
2015-11-12 9:04AM,2015-11-12 10:04AM,49,11,2,60,N/A,N/A,N/A
2015-11-12 3:05AM,2015-11-12 8:54AM,318,31,3,349,N/A,N/A,N/A
2015-11-10 10:16PM,2015-11-11 2:39AM,247,16,1,263,N/A,N/A,N/A
2015-11-10 4:49AM,2015-11-10 7:46AM,171,6,1,177,N/A,N/A,N/A
2015-11-10 12:04AM,2015-11-10 4:40AM,236,37,4,276,N/A,N/A,N/A
2015-11-09 12:44AM,2015-11-09 8:29AM,427,38,5,465,N/A,N/A,N/A
2015-11-08 1:26PM,2015-11-08 4:49PM,193,10,3,203,N/A,N/A,N/A
2015-11-07 11:31PM,2015-11-08 8:48AM,521,36,3,557,N/A,N/A,N/A
2015-11-07 10:45AM,2015-11-07 12:13PM,85,3,0,88,N/A,N/A,N/A
2015-11-07 12:18AM,2015-11-07 7:02AM,387,17,1,404,N/A,N/A,N/A
2015-11-05 11:01PM,2015-11-06 7:54AM,499,33,4,533,N/A,N/A,N/A
2015-11-04 11:35PM,2015-11-05 8:13AM,490,28,2,518,N/A,N/A,N/A
2015-11-03 10:00PM,2015-11-04 7:41AM,538,43,4,581,N/A,N/A,N/A
2015-11-03 4:18AM,2015-11-03 7:50AM,201,11,4,212,N/A,N/A,N/A
2015-11-02 11:20PM,2015-11-03 4:17AM,262,34,5,297,N/A,N/A,N/A
2015-11-01 10:33PM,2015-11-02 7:35AM,510,32,2,542,N/A,N/A,N/A
2015-11-01 5:50PM,2015-11-01 7:00PM,61,8,1,69,N/A,N/A,N/A
2015-11-01 1:08AM,2015-11-01 8:58AM,434,36,4,470,N/A,N/A,N/A
2015-10-31 3:18PM,2015-10-31 4:36PM,75,3,2,78,N/A,N/A,N/A
2015-10-31 12:13AM,2015-10-31 8:10AM,444,33,4,477,N/A,N/A,N/A
2015-10-29 8:57PM,2015-10-30 7:22AM,599,26,2,625,N/A,N/A,N/A
2015-10-28 9:34PM,2015-10-29 6:02AM,478,30,4,508,N/A,N/A,N/A
2015-10-27 11:04PM,2015-10-28 8:21AM,518,39,2,557,N/A,N/A,N/A
2015-10-27 12:11AM,2015-10-27 7:29AM,423,15,1,438,N/A,N/A,N/A
2015-10-26 1:26AM,2015-10-26 8:09AM,387,15,1,403,N/A,N/A,N/A
2015-10-25 2:01PM,2015-10-25 4:38PM,141,8,1,157,N/A,N/A,N/A
2015-10-24 11:21PM,2015-10-25 10:14AM,642,11,1,653,N/A,N/A,N/A
2015-10-24 2:22PM,2015-10-24 3:57PM,87,8,1,95,N/A,N/A,N/A
2015-10-24 2:01AM,2015-10-24 8:31AM,374,12,0,390,N/A,N/A,N/A
2015-10-23 12:23AM,2015-10-23 8:38AM,447,40,5,495,N/A,N/A,N/A
2015-10-22 12:01AM,2015-10-22 7:10AM,409,20,1,429,N/A,N/A,N/A
2015-10-21 12:38AM,2015-10-21 7:08AM,383,7,1,390,N/A,N/A,N/A
2015-10-19 10:56PM,2015-10-20 7:20AM,482,22,1,504,N/A,N/A,N/A
2015-10-18 10:45PM,2015-10-19 8:21AM,546,28,3,576,N/A,N/A,N/A
2015-10-17 11:45PM,2015-10-18 8:55AM,519,31,3,550,N/A,N/A,N/A
2015-10-17 12:13AM,2015-10-17 11:24AM,638,32,4,671,N/A,N/A,N/A
2015-10-15 11:14PM,2015-10-16 8:44AM,511,59,4,570,N/A,N/A,N/A
2015-10-14 10:36PM,2015-10-15 7:50AM,523,31,5,554,N/A,N/A,N/A
2015-10-14 12:14AM,2015-10-14 8:09AM,458,17,1,475,N/A,N/A,N/A
2015-10-12 11:47PM,2015-10-13 7:32AM,441,24,1,465,N/A,N/A,N/A
2015-10-11 11:47PM,2015-10-12 10:40AM,609,44,3,653,N/A,N/A,N/A
2015-10-11 1:42PM,2015-10-11 4:08PM,136,5,3,146,N/A,N/A,N/A
2015-10-11 12:51AM,2015-10-11 8:59AM,447,41,3,488,N/A,N/A,N/A